random_state,beta_E,beta_P,beta_EP,p_value_E,p_value_P,p_value_EP,alpha,var_intercept,var_residual
7,0.001,0.001,0.001,0.04885018866600969,0.0718898981723437,0.2601098570440651,0.05,0.001828,0.009419212941440758
4,0.001,0.001,0.001,0.00239488835195845,0.02427351975726607,0.0513351716282882,0.05,0.001828,0.009419212941440758
6,0.001,0.001,0.001,0.0020235737814086985,0.02968377704001979,0.24256707002143973,0.05,0.001828,0.009419212941440758
3,0.001,0.001,0.001,0.006914254086365368,0.14328913084840159,0.38649836947234295,0.05,0.001828,0.009419212941440758
8,0.001,0.001,0.001,0.005637729838154423,0.12205722026108859,0.23798786232310765,0.05,0.001828,0.009419212941440758
2,0.001,0.001,0.001,0.1519768475132258,0.06831003060187207,0.24035791769216286,0.05,0.001828,0.009419212941440758
1,0.001,0.001,0.001,0.00287010981003328,0.01288190543609846,0.12326175408265212,0.05,0.001828,0.009419212941440758
0,0.001,0.001,0.001,0.03321021721418464,0.031365736580801586,0.18512094358057474,0.05,0.001828,0.009419212941440758
5,0.001,0.001,0.001,0.04414959359856355,0.03665050315838479,0.4937611637886693,0.05,0.001828,0.009419212941440758
9,0.001,0.001,0.001,0.0010488470936206647,0.12932345744334148,0.10470243662626881,0.05,0.001828,0.009419212941440758
10,0.001,0.001,0.001,0.08043632490650329,0.1255009660332942,0.6016167289865085,0.05,0.001828,0.009419212941440758
14,0.001,0.001,0.001,0.39067726892211285,0.4136253804135356,0.9664770416674393,0.05,0.001828,0.009419212941440758
11,0.001,0.001,0.001,0.6370168492313528,0.37385899105140885,0.40627583312697524,0.05,0.001828,0.009419212941440758
13,0.001,0.001,0.001,0.1812025734698498,0.12192132649542226,0.9543738053893305,0.05,0.001828,0.009419212941440758
12,0.001,0.001,0.001,0.347916196596027,0.3803297979645024,0.9047033722512603,0.05,0.001828,0.009419212941440758
15,0.001,0.001,0.001,0.37568729748891605,0.4924161078707209,0.5571762743797883,0.05,0.001828,0.009419212941440758
17,0.001,0.001,0.001,0.19052538672532593,0.012465379542967059,0.6127203889869068,0.05,0.001828,0.009419212941440758
18,0.001,0.001,0.001,0.2791963722657721,0.0871372940360294,0.8491179605615637,0.05,0.001828,0.009419212941440758
16,0.001,0.001,0.001,0.5690154199796198,0.07696610083105271,0.8353900568016754,0.05,0.001828,0.009419212941440758
19,0.001,0.001,0.001,0.14220214102311907,0.36968707076608875,0.5570977667942016,0.05,0.001828,0.009419212941440758
20,0.001,0.001,0.001,0.3142118578711435,0.061883793474928214,0.6992860839655591,0.05,0.001828,0.009419212941440758
21,0.001,0.001,0.001,0.012511279738286859,0.04362808779276086,0.3848896771608329,0.05,0.001828,0.009419212941440758
22,0.001,0.001,0.001,0.4688043915751887,0.042099141501958544,0.7861558395997915,0.05,0.001828,0.009419212941440758
23,0.001,0.001,0.001,0.20472982842712362,0.028648104253191375,0.5938873898609718,0.05,0.001828,0.009419212941440758
24,0.001,0.001,0.001,0.13798494143181725,0.028284634040369332,0.9905939932195281,0.05,0.001828,0.009419212941440758
25,0.001,0.001,0.001,0.19945871472934806,0.06660289314051114,0.8522814060871641,0.05,0.001828,0.009419212941440758
28,0.001,0.001,0.001,0.00944058359871042,0.03782152315017335,0.6577519176862261,0.05,0.001828,0.009419212941440758
27,0.001,0.001,0.001,0.19691124201258625,0.05700139118124614,0.8195275327588434,0.05,0.001828,0.009419212941440758
26,0.001,0.001,0.001,0.0646132978152785,0.01993449280078178,0.9327858782042454,0.05,0.001828,0.009419212941440758
29,0.001,0.001,0.001,0.9072007574395897,0.33305674677850505,0.675776712863039,0.05,0.001828,0.009419212941440758
30,0.001,0.001,0.001,0.4103576396047297,0.5833490818147493,0.08332893867438776,0.05,0.001828,0.009419212941440758
31,0.001,0.001,0.001,0.8926427935579281,0.544969094526548,0.035735554222713774,0.05,0.001828,0.009419212941440758
33,0.001,0.001,0.001,0.572476729814909,0.9038771721484978,0.15652304748608328,0.05,0.001828,0.009419212941440758
36,0.001,0.001,0.001,0.6892409612876447,0.9456191081685751,0.13601325321710311,0.05,0.001828,0.009419212941440758
32,0.001,0.001,0.001,0.5538248538196062,0.2298757182068215,0.011047265029858401,0.05,0.001828,0.009419212941440758
35,0.001,0.001,0.001,0.8261161966535312,0.6035484693124473,0.10396699270786086,0.05,0.001828,0.009419212941440758
34,0.001,0.001,0.001,0.3001708841206989,0.2944045035571031,0.05291641443565235,0.05,0.001828,0.009419212941440758
38,0.001,0.001,0.001,0.4864982086506977,0.2692827057933519,0.6975794088019689,0.05,0.001828,0.009419212941440758
37,0.001,0.001,0.001,0.9503094920246549,0.7748075870253159,0.06375882347440512,0.05,0.001828,0.009419212941440758
39,0.001,0.001,0.001,0.7778952427619474,0.876889269877258,0.251282251263537,0.05,0.001828,0.009419212941440758
40,0.001,0.001,0.001,0.31296154037739976,0.012562145375751182,0.804582232098627,0.05,0.001828,0.009419212941440758
41,0.001,0.001,0.001,0.20302329463473556,0.1674698720576855,0.6075648398973594,0.05,0.001828,0.009419212941440758
42,0.001,0.001,0.001,0.5195121963444649,0.28248903126950786,0.5057608684806658,0.05,0.001828,0.009419212941440758
44,0.001,0.001,0.001,0.28792289005015825,0.007701898019081099,0.8054562747542777,0.05,0.001828,0.009419212941440758
43,0.001,0.001,0.001,0.16328622431815087,0.013346635784493237,0.9775757204777942,0.05,0.001828,0.009419212941440758
45,0.001,0.001,0.001,0.444589056644886,0.028456589213235208,0.630243495837566,0.05,0.001828,0.009419212941440758
46,0.001,0.001,0.001,0.8969630956618437,0.03969611908988734,0.3299989194958812,0.05,0.001828,0.009419212941440758
47,0.001,0.001,0.001,0.15836998818568115,0.042389818561816915,0.7652374968369764,0.05,0.001828,0.009419212941440758
48,0.001,0.001,0.001,0.1786848316173345,0.011064773651228297,0.8096981603646096,0.05,0.001828,0.009419212941440758
49,0.001,0.001,0.001,0.5120026447667765,0.004737621652582671,0.5063159439794755,0.05,0.001828,0.009419212941440758
51,0.001,0.001,0.001,0.40027894839617373,0.8031628325281823,0.08853644560854719,0.05,0.001828,0.009419212941440758
50,0.001,0.001,0.001,0.9002706883454167,0.21436538611178524,0.3420615514742785,0.05,0.001828,0.009419212941440758
53,0.001,0.001,0.001,0.904921034007532,0.41470344529229364,0.25607365391579684,0.05,0.001828,0.009419212941440758
52,0.001,0.001,0.001,0.8154374705219811,0.40003947337000156,0.23322384716830202,0.05,0.001828,0.009419212941440758
56,0.001,0.001,0.001,0.9661612889152608,0.3565698240972489,0.8114361768548886,0.05,0.001828,0.009419212941440758
54,0.001,0.001,0.001,0.8789906097142275,0.384688761906286,0.7342225351015473,0.05,0.001828,0.009419212941440758
55,0.001,0.001,0.001,0.8671009090501753,0.4670794505443203,0.9821991633645828,0.05,0.001828,0.009419212941440758
57,0.001,0.001,0.001,0.5631910149050678,0.9552013323900082,0.39563398185067167,0.05,0.001828,0.009419212941440758
58,0.001,0.001,0.001,0.20594531828526075,0.3598218885801263,0.37444883301606713,0.05,0.001828,0.009419212941440758
59,0.001,0.001,0.001,0.6362874760064221,0.18300202608584515,0.7265930839848823,0.05,0.001828,0.009419212941440758
61,0.001,0.001,0.001,0.6959374522613332,0.4059084347741677,0.02626144462561,0.05,0.001828,0.009419212941440758
63,0.001,0.001,0.001,0.33823211398109365,0.5354338807000889,0.3046115990575725,0.05,0.001828,0.009419212941440758
60,0.001,0.001,0.001,0.22828069606223145,0.04482562634954311,0.5031502108136113,0.05,0.001828,0.009419212941440758
62,0.001,0.001,0.001,0.7556980998826202,0.4088920156445268,0.29068989317091987,0.05,0.001828,0.009419212941440758
65,0.001,0.001,0.001,0.4923771881351555,0.5193583625768464,0.2846759247518592,0.05,0.001828,0.009419212941440758
67,0.001,0.001,0.001,0.29583871986176624,0.5123117539265789,0.08334594459008919,0.05,0.001828,0.009419212941440758
64,0.001,0.001,0.001,0.8914096444995354,0.27127408442479317,0.5921750258817178,0.05,0.001828,0.009419212941440758
66,0.001,0.001,0.001,0.15653240927218978,0.3649961219578749,0.24761770432583674,0.05,0.001828,0.009419212941440758
68,0.001,0.001,0.001,0.3894650213787447,0.46825635943761534,0.3063633974374532,0.05,0.001828,0.009419212941440758
69,0.001,0.001,0.001,0.3754700563022977,0.1804947565206847,0.5640609796045228,0.05,0.001828,0.009419212941440758
70,0.001,0.001,0.001,0.583711369388428,0.055053540635497514,0.9791150089204449,0.05,0.001828,0.009419212941440758
71,0.001,0.001,0.001,0.9016534553809281,0.1550886551575138,0.8515316364255776,0.05,0.001828,0.009419212941440758
72,0.001,0.001,0.001,0.44588074490500185,0.20897011704729307,0.48834284875861567,0.05,0.001828,0.009419212941440758
74,0.001,0.001,0.001,0.7149561307110415,0.4072753772302793,0.4765073290224239,0.05,0.001828,0.009419212941440758
76,0.001,0.001,0.001,0.3582273490018094,0.058820950700201456,0.9469528903929989,0.05,0.001828,0.009419212941440758
77,0.001,0.001,0.001,0.8298762117991119,0.1301329412554341,0.8346151556336157,0.05,0.001828,0.009419212941440758
75,0.001,0.001,0.001,0.6131268318612492,0.06268446672483438,0.8783058359670404,0.05,0.001828,0.009419212941440758
78,0.001,0.001,0.001,0.4884046904020537,0.10900741428225426,0.6242354561880765,0.05,0.001828,0.009419212941440758
79,0.001,0.001,0.001,0.845838528811451,0.04420445741751441,0.986470740778814,0.05,0.001828,0.009419212941440758
81,0.001,0.001,0.001,0.10917084534590321,0.8976174849132701,0.49817108991447967,0.05,0.001828,0.009419212941440758
82,0.001,0.001,0.001,0.011831086731917025,0.20721397312687884,0.7352709203851668,0.05,0.001828,0.009419212941440758
83,0.001,0.001,0.001,0.04286691436786625,0.9965725355907206,0.8960012879482856,0.05,0.001828,0.009419212941440758
86,0.001,0.001,0.001,0.07521442385271257,0.5695479714769311,0.4641544918039908,0.05,0.001828,0.009419212941440758
85,0.001,0.001,0.001,0.04370717714288347,0.4689603097177458,0.7165373169752736,0.05,0.001828,0.009419212941440758
84,0.001,0.001,0.001,0.028624660927431437,0.5673411707721636,0.37086623307823685,0.05,0.001828,0.009419212941440758
87,0.001,0.001,0.001,0.005376193108381057,0.9802027310810387,0.35011746863532056,0.05,0.001828,0.009419212941440758
88,0.001,0.001,0.001,0.14812485126625516,0.7294482017621307,0.13082411391783666,0.05,0.001828,0.009419212941440758
89,0.001,0.001,0.001,0.9561068371843497,0.604866980882265,0.162609269170791,0.05,0.001828,0.009419212941440758
92,0.001,0.001,0.001,0.3939938486437107,0.5197261872580302,0.04330349328644883,0.05,0.001828,0.009419212941440758
90,0.001,0.001,0.001,0.3321382625305216,0.3338883024066651,0.006942744907736305,0.05,0.001828,0.009419212941440758
91,0.001,0.001,0.001,0.921196966211965,0.7265370155153007,0.2598005406919264,0.05,0.001828,0.009419212941440758
93,0.001,0.001,0.001,0.937627146173382,0.8606403094404083,0.2170067319546154,0.05,0.001828,0.009419212941440758
94,0.001,0.001,0.001,0.750807229802007,0.7693233658666423,0.42011787482591756,0.05,0.001828,0.009419212941440758
95,0.001,0.001,0.001,0.33533004726237337,0.7324162085751516,0.08054129143354478,0.05,0.001828,0.009419212941440758
96,0.001,0.001,0.001,0.9635787021244422,0.37965397828374237,0.3830696457124573,0.05,0.001828,0.009419212941440758
98,0.001,0.001,0.001,0.4569567271203988,0.2165483195541702,0.3125351837789754,0.05,0.001828,0.009419212941440758
97,0.001,0.001,0.001,0.7874540344367563,0.5189005782422167,0.07101046285604902,0.05,0.001828,0.009419212941440758
99,0.001,0.001,0.001,0.7907370772739939,0.21151421345734633,0.40170865331196715,0.05,0.001828,0.009419212941440758
0,0.002,0.002,0.002,0.7354939817927165,0.06912288105662004,0.06773909500148616,0.05,0.001828,0.009419212941440758
1,0.002,0.002,0.002,0.5312619462915156,0.15677638658867693,0.12388680409135061,0.05,0.001828,0.009419212941440758
2,0.002,0.002,0.002,0.4947193587110579,0.025096537857849113,0.28324929539398,0.05,0.001828,0.009419212941440758
3,0.002,0.002,0.002,0.4253210291955839,0.11885496286419675,0.06780683543070025,0.05,0.001828,0.009419212941440758
4,0.002,0.002,0.002,0.6059566523113263,0.0049217993258574904,0.04000251432359856,0.05,0.001828,0.009419212941440758
5,0.002,0.002,0.002,0.11986278566727608,0.41350234841242184,0.0031697458978009463,0.05,0.001828,0.009419212941440758
6,0.002,0.002,0.002,0.10300882571682801,0.30315785830970354,0.010392875963343163,0.05,0.001828,0.009419212941440758
7,0.002,0.002,0.002,0.22458055758435935,0.4833723850550732,0.05265799901291553,0.05,0.001828,0.009419212941440758
8,0.002,0.002,0.002,0.06663581583102977,0.3068961768559876,0.04809579761775623,0.05,0.001828,0.009419212941440758
10,0.002,0.002,0.002,0.122357530013945,0.5696730075743942,0.009310627760672612,0.05,0.001828,0.009419212941440758
11,0.002,0.002,0.002,0.28236102889135684,0.9794560811923715,0.002922734770013809,0.05,0.001828,0.009419212941440758
12,0.002,0.002,0.002,0.1188880528578963,0.4371271128664591,0.003521668423296201,0.05,0.001828,0.009419212941440758
13,0.002,0.002,0.002,0.25158825005069385,0.24030423067852813,0.10250119977046407,0.05,0.001828,0.009419212941440758
16,0.002,0.002,0.002,0.4248680937780801,0.37084891033555356,0.1859773284767814,0.05,0.001828,0.009419212941440758
14,0.002,0.002,0.002,0.37425610774675644,0.22723415790638457,0.12720309204679334,0.05,0.001828,0.009419212941440758
15,0.002,0.002,0.002,0.24230253910275523,0.5093977311902058,0.4027996068037556,0.05,0.001828,0.009419212941440758
73,0.001,0.001,0.001,0.915069999104351,0.03629694383011926,0.7117096318356633,0.05,0.001828,0.009419212941440758
17,0.002,0.002,0.002,0.3285596321653519,0.05107842972788888,0.1307026465820347,0.05,0.001828,0.009419212941440758
18,0.002,0.002,0.002,0.25101260576101525,0.16418413862966352,0.275417352362324,0.05,0.001828,0.009419212941440758
80,0.001,0.001,0.001,0.08199527500360315,0.8433668608242821,0.23761854880551603,0.05,0.001828,0.009419212941440758
19,0.002,0.002,0.002,0.0555643352469491,0.013937515734787184,0.8435762022407202,0.05,0.001828,0.009419212941440758
20,0.002,0.002,0.002,0.03845040279003115,0.05275227882484526,0.029244848610952258,0.05,0.001828,0.009419212941440758
22,0.002,0.002,0.002,0.28424642833413205,0.01962245596700697,0.2838960972481753,0.05,0.001828,0.009419212941440758
21,0.002,0.002,0.002,0.5618727541917735,0.4414015489983164,0.013698389948560973,0.05,0.001828,0.009419212941440758
24,0.002,0.002,0.002,0.007086911448428853,0.023940924563839353,0.29363382681117445,0.05,0.001828,0.009419212941440758
23,0.002,0.002,0.002,0.02786973138429133,0.0022299658358560593,0.1299139314678953,0.05,0.001828,0.009419212941440758
25,0.002,0.002,0.002,0.14075096692657438,0.2176918015676299,0.058513288141912825,0.05,0.001828,0.009419212941440758
26,0.002,0.002,0.002,0.10812038492283196,0.04540122760282837,0.08132499472960164,0.05,0.001828,0.009419212941440758
27,0.002,0.002,0.002,0.6096130114350669,0.2612049573583949,0.3021000529722848,0.05,0.001828,0.009419212941440758
28,0.002,0.002,0.002,0.06370761556595363,0.13272925898494542,0.11136116295316605,0.05,0.001828,0.009419212941440758
29,0.002,0.002,0.002,0.01307575512949901,0.6903293447522598,0.05259393636600661,0.05,0.001828,0.009419212941440758
30,0.002,0.002,0.002,0.02376798647499077,0.11149191688973605,0.12180368435631117,0.05,0.001828,0.009419212941440758
31,0.002,0.002,0.002,0.03228508332293969,0.933251048105281,0.0010786353931294323,0.05,0.001828,0.009419212941440758
32,0.002,0.002,0.002,0.4854658719878663,0.5638853105992435,0.1839170729398646,0.05,0.001828,0.009419212941440758
33,0.002,0.002,0.002,0.0039462834382261655,0.664015029993511,0.040782946075741164,0.05,0.001828,0.009419212941440758
34,0.002,0.002,0.002,0.0021660728160442957,0.1790791717420327,0.11653387320412799,0.05,0.001828,0.009419212941440758
35,0.002,0.002,0.002,0.010836694685377844,0.3200049200551567,0.07239684725303278,0.05,0.001828,0.009419212941440758
36,0.002,0.002,0.002,0.2540751671480005,0.09156947106286722,0.19418665850467764,0.05,0.001828,0.009419212941440758
37,0.002,0.002,0.002,0.008116812566794198,0.29164654632662934,0.020114313047620635,0.05,0.001828,0.009419212941440758
40,0.002,0.002,0.002,0.010353980109361784,0.0921710571487521,0.5568573670499971,0.05,0.001828,0.009419212941440758
39,0.002,0.002,0.002,0.0729705603998986,0.12425010550615541,0.23157657243982432,0.05,0.001828,0.009419212941440758
38,0.002,0.002,0.002,0.007348714168874042,0.12579648785971284,0.46567545294894164,0.05,0.001828,0.009419212941440758
41,0.002,0.002,0.002,0.08675185412263677,0.01007989139956947,0.0842776758045559,0.05,0.001828,0.009419212941440758
42,0.002,0.002,0.002,0.0054890422001688585,0.07875126594529842,0.7944832195537918,0.05,0.001828,0.009419212941440758
43,0.002,0.002,0.002,0.0008487600933881004,0.024475372808374998,0.8461525179540377,0.05,0.001828,0.009419212941440758
44,0.002,0.002,0.002,0.006615241223049911,0.03534683025969944,0.5059835943521547,0.05,0.001828,0.009419212941440758
45,0.002,0.002,0.002,0.027110688361719492,0.7166616920763789,0.03979464497753122,0.05,0.001828,0.009419212941440758
46,0.002,0.002,0.002,0.00010396755657959679,0.011803125454073722,0.764253619791815,0.05,0.001828,0.009419212941440758
9,0.002,0.002,0.002,0.15437421994221298,0.15552218047622723,0.3102146764781376,0.05,0.001828,0.009419212941440758
47,0.002,0.002,0.002,0.03501126359527276,0.16195411616843047,0.40034097918774103,0.05,0.001828,0.009419212941440758
48,0.002,0.002,0.002,0.15404683134457195,0.02103281341966519,0.789398290732155,0.05,0.001828,0.009419212941440758
51,0.002,0.002,0.002,0.3255581305933477,0.19969133047267185,0.061185424826847974,0.05,0.001828,0.009419212941440758
50,0.002,0.002,0.002,0.17090745789032802,0.968915387128252,0.012803389520526431,0.05,0.001828,0.009419212941440758
52,0.002,0.002,0.002,0.10564823838210324,0.13723393012102197,0.49170968231308376,0.05,0.001828,0.009419212941440758
49,0.002,0.002,0.002,0.038736242277488446,0.07578601348911941,0.703674490282902,0.05,0.001828,0.009419212941440758
54,0.002,0.002,0.002,0.07534141970689978,0.34781823484077456,0.26046816028192443,0.05,0.001828,0.009419212941440758
53,0.002,0.002,0.002,0.1118660922922082,0.0022541481277672773,0.5055966993236036,0.05,0.001828,0.009419212941440758
55,0.002,0.002,0.002,0.2572023139695707,0.09765928550002381,0.3252640817973115,0.05,0.001828,0.009419212941440758
56,0.002,0.002,0.002,0.30277196175025933,0.07046531411840141,0.24287272596013498,0.05,0.001828,0.009419212941440758
58,0.002,0.002,0.002,0.22652105124471555,0.004198453111798551,0.2544571673355417,0.05,0.001828,0.009419212941440758
57,0.002,0.002,0.002,0.17450139204038806,0.0027783554157981053,0.20584105103356054,0.05,0.001828,0.009419212941440758
60,0.002,0.002,0.002,0.01624724813767016,0.24510283140099798,0.39037655446416697,0.05,0.001828,0.009419212941440758
61,0.002,0.002,0.002,0.21191123882751794,0.0006584235833719795,0.5431284413830237,0.05,0.001828,0.009419212941440758
59,0.002,0.002,0.002,0.14999102507926837,9.845439023729945e-05,0.4341707785341308,0.05,0.001828,0.009419212941440758
62,0.002,0.002,0.002,0.2868865668462669,0.0165005758216258,0.30307970992636746,0.05,0.001828,0.009419212941440758
63,0.002,0.002,0.002,0.03612744857373077,0.45978554335067423,0.014149387590708225,0.05,0.001828,0.009419212941440758
64,0.002,0.002,0.002,0.2412598222679465,0.0015275255277654456,0.8703748812410431,0.05,0.001828,0.009419212941440758
65,0.002,0.002,0.002,0.11021019878884783,0.0013372466392491398,0.4352828195844963,0.05,0.001828,0.009419212941440758
66,0.002,0.002,0.002,0.0644138713804989,0.07956924412330804,0.1781921262327103,0.05,0.001828,0.009419212941440758
68,0.002,0.002,0.002,0.5395436208065474,0.00013239242410279268,0.45355952108962627,0.05,0.001828,0.009419212941440758
67,0.002,0.002,0.002,0.40436246529698494,0.00621732315244939,0.6043070116036503,0.05,0.001828,0.009419212941440758
70,0.002,0.002,0.002,0.1617462688376743,6.985788969488914e-06,0.8020187425495022,0.05,0.001828,0.009419212941440758
69,0.002,0.002,0.002,0.03951009535860436,0.048767572903145005,0.02684822708552989,0.05,0.001828,0.009419212941440758
72,0.002,0.002,0.002,0.21037900271863208,0.0143309206618541,0.08967526709727977,0.05,0.001828,0.009419212941440758
71,0.002,0.002,0.002,0.3175064380483936,0.00040314492779975426,0.6269334169687243,0.05,0.001828,0.009419212941440758
74,0.002,0.002,0.002,0.927903276434062,0.0012559013596868656,0.1348017157585202,0.05,0.001828,0.009419212941440758
73,0.002,0.002,0.002,0.029187213444704565,0.17447654970731408,0.08432532791699042,0.05,0.001828,0.009419212941440758
75,0.002,0.002,0.002,0.20633283185318452,0.025563081067904888,0.08171707078451483,0.05,0.001828,0.009419212941440758
76,0.002,0.002,0.002,0.0059213885473553335,0.5671897577241829,0.0031801807802208895,0.05,0.001828,0.009419212941440758
77,0.002,0.002,0.002,0.8169232264203716,0.06493652365124504,0.00896847076557331,0.05,0.001828,0.009419212941440758
80,0.002,0.002,0.002,0.004297135233289711,0.13387643422001455,0.1040163529529949,0.05,0.001828,0.009419212941440758
78,0.002,0.002,0.002,0.8839021320384809,0.3175983769063727,0.018772376080176876,0.05,0.001828,0.009419212941440758
79,0.002,0.002,0.002,0.9267913038247878,0.10208707784355203,0.008338156590897788,0.05,0.001828,0.009419212941440758
82,0.002,0.002,0.002,0.5705008926613822,0.2817531227598151,0.003187215463869107,0.05,0.001828,0.009419212941440758
81,0.002,0.002,0.002,0.5610670256445571,0.5696484095039296,0.006954343626786188,0.05,0.001828,0.009419212941440758
83,0.002,0.002,0.002,0.8516655895044681,0.24899299029768696,0.016373581051347365,0.05,0.001828,0.009419212941440758
85,0.002,0.002,0.002,0.24939120005479942,0.12190337785180223,0.09825908742390808,0.05,0.001828,0.009419212941440758
84,0.002,0.002,0.002,0.003130360348912871,0.04939592129096669,0.7519331683656484,0.05,0.001828,0.009419212941440758
86,0.002,0.002,0.002,0.006202750129774376,0.004418468288176493,0.923041777074479,0.05,0.001828,0.009419212941440758
89,0.002,0.002,0.002,0.15428647491156625,0.0790283212208437,0.09940057402874548,0.05,0.001828,0.009419212941440758
87,0.002,0.002,0.002,0.4226425041692139,0.01264708789494297,0.33954042725931977,0.05,0.001828,0.009419212941440758
88,0.002,0.002,0.002,0.000682421476515299,0.1895684812088111,0.5828201464562403,0.05,0.001828,0.009419212941440758
90,0.002,0.002,0.002,0.7453578702803039,0.007376962881180968,0.30224731641553026,0.05,0.001828,0.009419212941440758
91,0.002,0.002,0.002,0.5017295787226911,0.19100788043384642,0.20994420424846394,0.05,0.001828,0.009419212941440758
92,0.002,0.002,0.002,0.22366139720946732,0.019337548482359093,0.21276485314293214,0.05,0.001828,0.009419212941440758
93,0.002,0.002,0.002,0.10082924566600643,0.06644191174150016,0.3260317601058117,0.05,0.001828,0.009419212941440758
95,0.002,0.002,0.002,0.09294611703337821,0.1018623996793976,0.16877641535915366,0.05,0.001828,0.009419212941440758
94,0.002,0.002,0.002,0.4009203310606315,0.07647684306661831,0.5375179928320173,0.05,0.001828,0.009419212941440758
96,0.002,0.002,0.002,0.06649709658096385,0.2895876819738651,0.3275682121657868,0.05,0.001828,0.009419212941440758
97,0.002,0.002,0.002,0.3348019125726045,0.5141779288525161,0.0007812623306976072,0.05,0.001828,0.009419212941440758
99,0.002,0.002,0.002,0.07226929893358133,0.05734885566799213,0.19574133916457936,0.05,0.001828,0.009419212941440758
2,0.003,0.003,0.003,0.5450313931337845,0.6257828313903537,3.958985940709701e-06,0.05,0.001828,0.009419212941440758
1,0.003,0.003,0.003,0.3573441537018277,0.9728971307012985,1.6115093809335935e-06,0.05,0.001828,0.009419212941440758
5,0.003,0.003,0.003,0.8449793185131889,0.7353592194706979,7.667219278004579e-06,0.05,0.001828,0.009419212941440758
4,0.003,0.003,0.003,0.008506454201923183,8.07803569094303e-05,0.11509843709957043,0.05,0.001828,0.009419212941440758
6,0.003,0.003,0.003,0.06422532715480582,1.06153655418831e-05,0.48171523396192995,0.05,0.001828,0.009419212941440758
7,0.003,0.003,0.003,0.0101643825686042,0.0013593147398835387,0.24755025388007423,0.05,0.001828,0.009419212941440758
8,0.003,0.003,0.003,0.12598443761031497,0.0005502312784039297,0.061220646656823786,0.05,0.001828,0.009419212941440758
10,0.003,0.003,0.003,0.0009354639584881273,0.007273416305471699,0.03515252447594536,0.05,0.001828,0.009419212941440758
9,0.003,0.003,0.003,0.008331650005838598,0.00021764981600494508,0.2396746352289011,0.05,0.001828,0.009419212941440758
11,0.003,0.003,0.003,0.005476433850286941,0.0015042608366818064,0.053116413418859,0.05,0.001828,0.009419212941440758
12,0.003,0.003,0.003,0.053667054407797295,8.312428621185131e-07,0.2310529723942949,0.05,0.001828,0.009419212941440758
13,0.003,0.003,0.003,0.45790282199801347,5.115570123737581e-05,0.06823269545262428,0.05,0.001828,0.009419212941440758
14,0.003,0.003,0.003,0.1569890791672882,0.03644114511711721,0.00225997579344069,0.05,0.001828,0.009419212941440758
15,0.003,0.003,0.003,0.45500851888223715,2.6729721804937256e-05,0.022123438355744127,0.05,0.001828,0.009419212941440758
17,0.003,0.003,0.003,0.510513290039459,0.007390207055643919,0.004081203177615729,0.05,0.001828,0.009419212941440758
16,0.003,0.003,0.003,0.5424766096930986,0.004833169025749655,0.0007307454694487338,0.05,0.001828,0.009419212941440758
18,0.003,0.003,0.003,0.07014052558566217,0.00757465287362602,0.01004259433858882,0.05,0.001828,0.009419212941440758
19,0.003,0.003,0.003,0.4722355692556408,0.0023979658138891663,0.012833590876202814,0.05,0.001828,0.009419212941440758
20,0.003,0.003,0.003,0.1552558021445736,0.012407705900356458,0.00219580123915769,0.05,0.001828,0.009419212941440758
21,0.003,0.003,0.003,0.0335243699620414,0.5706103350602509,4.0673566344588565e-05,0.05,0.001828,0.009419212941440758
22,0.003,0.003,0.003,0.33336423538869675,0.01892147950344244,0.006317867519017365,0.05,0.001828,0.009419212941440758
23,0.003,0.003,0.003,0.00012773855321549665,0.32576806641416933,0.0036014080501061705,0.05,0.001828,0.009419212941440758
24,0.003,0.003,0.003,0.0009595414734361692,0.11504903946063841,0.0008224492291776355,0.05,0.001828,0.009419212941440758
25,0.003,0.003,0.003,7.159879050959406e-05,0.030990989006199274,0.009351535990711663,0.05,0.001828,0.009419212941440758
26,0.003,0.003,0.003,0.04617020533210257,9.126411555571385e-05,0.08657173974706435,0.05,0.001828,0.009419212941440758
27,0.003,0.003,0.003,0.0457214914119932,0.0023906101332371384,0.29810874725819003,0.05,0.001828,0.009419212941440758
29,0.003,0.003,0.003,0.033085607545073704,0.0031954791442481492,0.055238775702567744,0.05,0.001828,0.009419212941440758
28,0.003,0.003,0.003,0.26721598732495466,0.00011071055981591689,0.39986440796719813,0.05,0.001828,0.009419212941440758
31,0.003,0.003,0.003,0.3999712542029811,0.0006253758165301709,0.38456444836639825,0.05,0.001828,0.009419212941440758
30,0.003,0.003,0.003,0.163043654139023,0.00014091563443935606,0.9539790852101072,0.05,0.001828,0.009419212941440758
98,0.002,0.002,0.002,0.7282655297074283,0.5601336990391119,3.1545422421715417e-06,0.05,0.001828,0.009419212941440758
32,0.003,0.003,0.003,0.6097543690767511,0.0029329065863226986,0.4882856406246886,0.05,0.001828,0.009419212941440758
33,0.003,0.003,0.003,0.46704764041565594,0.596780720334707,2.7203674156256227e-06,0.05,0.001828,0.009419212941440758
36,0.003,0.003,0.003,0.004980787175180357,0.003859748299441863,0.19145578917440031,0.05,0.001828,0.009419212941440758
35,0.003,0.003,0.003,0.5315057441320343,0.9886609175925715,6.974005099880867e-07,0.05,0.001828,0.009419212941440758
3,0.003,0.003,0.003,0.18569741573596765,0.816032647817457,3.0766638993293596e-06,0.05,0.001828,0.009419212941440758
38,0.003,0.003,0.003,0.014117774291629259,0.0007347238616040517,0.09304757248009318,0.05,0.001828,0.009419212941440758
37,0.003,0.003,0.003,0.0361917530606334,0.003302955321373745,0.03622341393152811,0.05,0.001828,0.009419212941440758
0,0.003,0.003,0.003,0.42702344077989696,0.8707140496217385,1.5080691052959522e-05,0.05,0.001828,0.009419212941440758
40,0.003,0.003,0.003,0.0033818009135651865,0.0008015577458548271,0.640566901983644,0.05,0.001828,0.009419212941440758
39,0.003,0.003,0.003,0.0042944048649038325,0.00010130202551831274,0.17758123776361923,0.05,0.001828,0.009419212941440758
41,0.003,0.003,0.003,0.009759388576743166,0.0028264497141824484,0.05787784698910292,0.05,0.001828,0.009419212941440758
42,0.003,0.003,0.003,0.2831147325661214,0.03350367317619001,0.00451206665522046,0.05,0.001828,0.009419212941440758
44,0.003,0.003,0.003,0.0005081393737466515,7.903300779077638e-06,0.424896481173037,0.05,0.001828,0.009419212941440758
43,0.003,0.003,0.003,0.033628496895396806,4.786043351719382e-05,0.139960900489504,0.05,0.001828,0.009419212941440758
45,0.003,0.003,0.003,0.48964296069415447,0.04708194531325782,0.0064190717868030725,0.05,0.001828,0.009419212941440758
46,0.003,0.003,0.003,0.20651759637405043,0.0023451148785287876,0.020272034465946828,0.05,0.001828,0.009419212941440758
47,0.003,0.003,0.003,0.01711020227484845,5.9927995580142426e-05,0.13889615268679553,0.05,0.001828,0.009419212941440758
49,0.003,0.003,0.003,0.31412482121832563,0.02290804828184307,0.002540453612132016,0.05,0.001828,0.009419212941440758
48,0.003,0.003,0.003,0.46806224836003296,0.0051623654239743985,0.039119353140262096,0.05,0.001828,0.009419212941440758
50,0.003,0.003,0.003,0.18014392142024038,0.05862761182815025,3.960632608748428e-05,0.05,0.001828,0.009419212941440758
53,0.003,0.003,0.003,0.2934125407703534,0.007564188928477339,0.0061498784523558786,0.05,0.001828,0.009419212941440758
51,0.003,0.003,0.003,0.15299729457571512,5.858326199116198e-05,0.011439229836745543,0.05,0.001828,0.009419212941440758
52,0.003,0.003,0.003,0.21878862227102458,0.0011763351368230287,0.033022068733638124,0.05,0.001828,0.009419212941440758
54,0.003,0.003,0.003,0.03181292418497307,0.0007252439795643485,0.002714747564286425,0.05,0.001828,0.009419212941440758
55,0.003,0.003,0.003,0.10418585371342626,0.08165862360519338,0.0014817605756260864,0.05,0.001828,0.009419212941440758
56,0.003,0.003,0.003,0.17980509159341518,0.05907612296069374,0.010469384339123507,0.05,0.001828,0.009419212941440758
58,0.003,0.003,0.003,0.04887074921704068,0.00021308119246169976,0.028276242833529208,0.05,0.001828,0.009419212941440758
57,0.003,0.003,0.003,9.001803629407792e-06,0.36057189458204464,0.019120465840667338,0.05,0.001828,0.009419212941440758
59,0.003,0.003,0.003,6.350478746445013e-05,0.7957954571093191,0.0008602936892821593,0.05,0.001828,0.009419212941440758
62,0.003,0.003,0.003,0.0004392831558928305,0.8037942439368925,3.887841264354303e-05,0.05,0.001828,0.009419212941440758
60,0.003,0.003,0.003,4.441166360161143e-06,0.03837236992494914,0.006091113128959593,0.05,0.001828,0.009419212941440758
61,0.003,0.003,0.003,0.6941479731419329,0.26962892074998857,0.005704606382228044,0.05,0.001828,0.009419212941440758
64,0.003,0.003,0.003,0.1069169290616888,0.18381670390534122,0.007240428129759564,0.05,0.001828,0.009419212941440758
63,0.003,0.003,0.003,0.18016802948310873,0.05218617570384549,0.021284849651341923,0.05,0.001828,0.009419212941440758
65,0.003,0.003,0.003,0.00011701680092704787,0.46348543685039645,0.0003191126089614989,0.05,0.001828,0.009419212941440758
66,0.003,0.003,0.003,0.13626697965520668,0.06841533310318797,0.028169753842832414,0.05,0.001828,0.009419212941440758
67,0.003,0.003,0.003,0.4545324010817713,6.60630475644438e-05,0.3410675450248474,0.05,0.001828,0.009419212941440758
68,0.003,0.003,0.003,0.7631529323235353,0.006604447660224644,0.06311270191669135,0.05,0.001828,0.009419212941440758
70,0.003,0.003,0.003,0.9955840611223158,0.002786264506548751,0.11379619638337372,0.05,0.001828,0.009419212941440758
69,0.003,0.003,0.003,0.5449245713986676,0.0008292337489764567,0.06622939232596226,0.05,0.001828,0.009419212941440758
71,0.003,0.003,0.003,0.008026681599250813,0.002131028414802237,0.0640176591257164,0.05,0.001828,0.009419212941440758
72,0.003,0.003,0.003,0.026031370825581632,0.0033942863747429253,0.06758701774564455,0.05,0.001828,0.009419212941440758
73,0.003,0.003,0.003,0.0454250534105714,0.0014864167008840955,0.24750265092439072,0.05,0.001828,0.009419212941440758
74,0.003,0.003,0.003,0.345848879346363,0.002979193603580322,0.041341011920255806,0.05,0.001828,0.009419212941440758
34,0.003,0.003,0.003,0.8778714183491512,0.8225834929914762,1.3805353201848835e-06,0.05,0.001828,0.009419212941440758
77,0.003,0.003,0.003,0.03588308763035352,0.03298483657811953,0.1022582512634031,0.05,0.001828,0.009419212941440758
75,0.003,0.003,0.003,0.030833371281419598,0.0007849863642707163,0.09304283052090107,0.05,0.001828,0.009419212941440758
76,0.003,0.003,0.003,0.06260134853375088,0.016505883615881314,0.030998617293640934,0.05,0.001828,0.009419212941440758
79,0.003,0.003,0.003,0.005332655257791235,3.5209101525426014e-05,0.08858802367259876,0.05,0.001828,0.009419212941440758
78,0.003,0.003,0.003,0.02536065874568801,0.0004829628829647463,0.16824655177787406,0.05,0.001828,0.009419212941440758
80,0.003,0.003,0.003,0.009924712828786458,5.9737481187922374e-05,0.23277642578414326,0.05,0.001828,0.009419212941440758
81,0.003,0.003,0.003,0.10200514734087265,9.694182747929451e-08,0.4886358599277788,0.05,0.001828,0.009419212941440758
82,0.003,0.003,0.003,0.04643512030927639,2.565642707051879e-06,0.6627279424085493,0.05,0.001828,0.009419212941440758
84,0.003,0.003,0.003,0.0004328500388168981,3.890697511767205e-05,0.41013770581177367,0.05,0.001828,0.009419212941440758
83,0.003,0.003,0.003,0.004566498553758843,0.0006776634915753772,0.2540666924223878,0.05,0.001828,0.009419212941440758
85,0.003,0.003,0.003,0.3513950809163091,0.03838722463649186,0.005521624617505794,0.05,0.001828,0.009419212941440758
86,0.003,0.003,0.003,0.07156825027574376,3.4318341454547957e-06,0.33054027195478186,0.05,0.001828,0.009419212941440758
87,0.003,0.003,0.003,0.39711356008062826,0.04242419866754201,0.009046386327924866,0.05,0.001828,0.009419212941440758
88,0.003,0.003,0.003,0.14119723625753883,0.016983068515829522,0.0436011662709271,0.05,0.001828,0.009419212941440758
90,0.003,0.003,0.003,0.3781382226247376,0.32310342345816156,0.0069957102476535735,0.05,0.001828,0.009419212941440758
89,0.003,0.003,0.003,0.34986931470171334,0.008269008360140866,0.017098222729890526,0.05,0.001828,0.009419212941440758
91,0.003,0.003,0.003,0.697390987867825,0.6861313111594072,0.0011914515790862337,0.05,0.001828,0.009419212941440758
92,0.003,0.003,0.003,0.9846744090938458,0.37232228814481005,0.000991645386324275,0.05,0.001828,0.009419212941440758
93,0.003,0.003,0.003,0.04655441900262106,0.05186616411264083,0.0007872757730253651,0.05,0.001828,0.009419212941440758
94,0.003,0.003,0.003,0.6684629778098189,0.0008555607805779236,0.024296466886582952,0.05,0.001828,0.009419212941440758
95,0.003,0.003,0.003,0.006560232946153675,0.0003753048939680575,0.017594724248513535,0.05,0.001828,0.009419212941440758
97,0.003,0.003,0.003,0.15986898962374818,0.0023459644993107155,0.013879723479203519,0.05,0.001828,0.009419212941440758
96,0.003,0.003,0.003,0.4704741839625137,0.01866658772347543,0.011427124945253707,0.05,0.001828,0.009419212941440758
98,0.003,0.003,0.003,0.25894797084012844,0.003993887159840444,0.003184427509615313,0.05,0.001828,0.009419212941440758
99,0.003,0.003,0.003,0.6760325387615569,0.10074842139381002,0.0006236322905821612,0.05,0.001828,0.009419212941440758
2,0.004,0.004,0.004,0.714394942955469,0.0008148489474903492,0.0005532909818834474,0.05,0.001828,0.009419212941440758
0,0.004,0.004,0.004,0.274318423598485,0.0001853899220422594,0.00016080206101692056,0.05,0.001828,0.009419212941440758
1,0.004,0.004,0.004,0.7981407132541862,0.0015649837243178256,4.0882998113912714e-05,0.05,0.001828,0.009419212941440758
3,0.004,0.004,0.004,1.1131700869819892e-05,0.013061566999088175,0.0009902498254070928,0.05,0.001828,0.009419212941440758
4,0.004,0.004,0.004,0.029598753812448957,0.0001213345545842641,0.003576653217475386,0.05,0.001828,0.009419212941440758
5,0.004,0.004,0.004,0.01061333196222124,0.0031590221586559695,0.11171849137286542,0.05,0.001828,0.009419212941440758
6,0.004,0.004,0.004,0.1270568452099004,0.013941575440210702,0.0018208314071471428,0.05,0.001828,0.009419212941440758
7,0.004,0.004,0.004,0.5283232713081683,0.0037305136298780572,2.430087025417838e-06,0.05,0.001828,0.009419212941440758
8,0.004,0.004,0.004,0.20109808398853624,0.022464381120573328,0.0013753617790016265,0.05,0.001828,0.009419212941440758
10,0.004,0.004,0.004,0.000300497846278179,0.00015347121254836066,0.025812433171671558,0.05,0.001828,0.009419212941440758
11,0.004,0.004,0.004,0.12705054732532745,0.005725411423719355,0.0018298711059342356,0.05,0.001828,0.009419212941440758
9,0.004,0.004,0.004,0.00013804169802778942,0.007511192533866673,0.0006827190088552857,0.05,0.001828,0.009419212941440758
12,0.004,0.004,0.004,6.503059002806475e-06,0.0007403837166634335,0.007846321989676396,0.05,0.001828,0.009419212941440758
13,0.004,0.004,0.004,0.2820387109158906,1.7536693961295522e-05,0.01109495719555086,0.05,0.001828,0.009419212941440758
14,0.004,0.004,0.004,0.029473982270351605,0.005943314414696915,0.1640725148375095,0.05,0.001828,0.009419212941440758
15,0.004,0.004,0.004,0.001470431379765567,0.0007773023514517922,0.046388978061736946,0.05,0.001828,0.009419212941440758
16,0.004,0.004,0.004,0.0036774116738578465,0.00014429324271034047,0.010152161657411304,0.05,0.001828,0.009419212941440758
18,0.004,0.004,0.004,0.017419710569635795,0.0011655458035155141,0.008642713046098949,0.05,0.001828,0.009419212941440758
17,0.004,0.004,0.004,1.3303851922223683e-05,0.008514567681669144,0.004456409071249011,0.05,0.001828,0.009419212941440758
19,0.004,0.004,0.004,0.008952785740103882,0.00019754302743148046,0.009817329613661104,0.05,0.001828,0.009419212941440758
20,0.004,0.004,0.004,0.0010418269435459873,1.0532252433463847e-05,0.028260829338480984,0.05,0.001828,0.009419212941440758
21,0.004,0.004,0.004,4.31437920874196e-05,4.7230131334317546e-07,0.03055820683080529,0.05,0.001828,0.009419212941440758
22,0.004,0.004,0.004,0.003483204764530115,0.011884216682896574,0.004305024033436357,0.05,0.001828,0.009419212941440758
23,0.004,0.004,0.004,0.005558507403564543,4.286367894852946e-06,0.1595161967031029,0.05,0.001828,0.009419212941440758
24,0.004,0.004,0.004,0.09709276359108267,0.005381824689298458,0.00019971883890694043,0.05,0.001828,0.009419212941440758
25,0.004,0.004,0.004,0.000569592162802932,2.486491934049132e-07,0.10328370750133867,0.05,0.001828,0.009419212941440758
26,0.004,0.004,0.004,0.00031300720100911497,5.737269688510318e-08,0.2754949592771546,0.05,0.001828,0.009419212941440758
28,0.004,0.004,0.004,0.06084943251219772,0.0009888814481256829,0.002873032448326712,0.05,0.001828,0.009419212941440758
27,0.004,0.004,0.004,0.005298043403318973,6.010483260854082e-08,0.06126681521563419,0.05,0.001828,0.009419212941440758
30,0.004,0.004,0.004,0.006856812590601832,4.079327612604195e-09,0.5356785459904041,0.05,0.001828,0.009419212941440758
29,0.004,0.004,0.004,0.00963756203177321,2.156885672850391e-05,0.012306114004842135,0.05,0.001828,0.009419212941440758
32,0.004,0.004,0.004,0.0058325097519597805,1.0840047967305434e-06,0.04766281782915049,0.05,0.001828,0.009419212941440758
31,0.004,0.004,0.004,0.09797952090387081,0.004359756954488246,0.001715971335158304,0.05,0.001828,0.009419212941440758
33,0.004,0.004,0.004,0.0017672882670021325,0.0009953041694462357,4.71253311497583e-05,0.05,0.001828,0.009419212941440758
35,0.004,0.004,0.004,0.32642219134534434,0.17359502052509546,0.00016515216234609973,0.05,0.001828,0.009419212941440758
36,0.004,0.004,0.004,0.6771392581028854,0.22344734177167602,0.00015872907180191037,0.05,0.001828,0.009419212941440758
34,0.004,0.004,0.004,0.0335630483126057,1.2370381962276137e-07,0.0634027454564694,0.05,0.001828,0.009419212941440758
37,0.004,0.004,0.004,0.008701577594305556,0.00012237333875361107,0.03630897251523697,0.05,0.001828,0.009419212941440758
38,0.004,0.004,0.004,0.18126025631541487,0.24342630789922015,0.00029027728251865357,0.05,0.001828,0.009419212941440758
39,0.004,0.004,0.004,0.4332038180092881,0.02550985349299863,2.7085006644120234e-05,0.05,0.001828,0.009419212941440758
41,0.004,0.004,0.004,0.043177062593774365,1.9473990256120896e-05,0.1500900673785956,0.05,0.001828,0.009419212941440758
40,0.004,0.004,0.004,0.1330239829582716,0.0003271509812277177,0.10271365248248523,0.05,0.001828,0.009419212941440758
42,0.004,0.004,0.004,0.6373341588535777,8.675013935724363e-05,0.04395438013315707,0.05,0.001828,0.009419212941440758
43,0.004,0.004,0.004,0.028309379692582497,0.008252997470360053,2.15005597202409e-05,0.05,0.001828,0.009419212941440758
44,0.004,0.004,0.004,0.80486159676975,0.002529475159022155,0.001091027720959105,0.05,0.001828,0.009419212941440758
46,0.004,0.004,0.004,0.5838184767696033,0.23518704993556316,0.00020156397149039668,0.05,0.001828,0.009419212941440758
45,0.004,0.004,0.004,0.5897866373977068,0.00030937828594602865,0.0003209466179414453,0.05,0.001828,0.009419212941440758
48,0.004,0.004,0.004,0.5556421896795172,0.00021649280330460772,0.0010026053938327114,0.05,0.001828,0.009419212941440758
47,0.004,0.004,0.004,0.05102318081759096,0.0002383168421165562,0.07405997267827964,0.05,0.001828,0.009419212941440758
49,0.004,0.004,0.004,0.7056275807784386,0.02631105935960819,3.505976178483703e-05,0.05,0.001828,0.009419212941440758
51,0.004,0.004,0.004,0.035291966350594395,0.0345161358211963,0.0001698215511740157,0.05,0.001828,0.009419212941440758
50,0.004,0.004,0.004,0.003727548520308795,0.030064106545209295,0.0014852895713164034,0.05,0.001828,0.009419212941440758
52,0.004,0.004,0.004,0.0034407057650431214,0.007380787970087857,0.0009716907856673972,0.05,0.001828,0.009419212941440758
54,0.004,0.004,0.004,5.58760866441575e-05,0.029411949841746037,0.00042318603847669366,0.05,0.001828,0.009419212941440758
53,0.004,0.004,0.004,0.11887977987255294,0.002357164938448974,0.009644065654389642,0.05,0.001828,0.009419212941440758
55,0.004,0.004,0.004,0.32308935710654085,0.00026993430233606227,0.002344189630143946,0.05,0.001828,0.009419212941440758
56,0.004,0.004,0.004,8.401895687936572e-05,0.002123517182973103,0.012971397512647045,0.05,0.001828,0.009419212941440758
58,0.004,0.004,0.004,0.11170842933684043,0.0989638480249472,2.9758987237051e-06,0.05,0.001828,0.009419212941440758
57,0.004,0.004,0.004,0.0001279391383807359,0.004651453208049668,0.021193595860368328,0.05,0.001828,0.009419212941440758
59,0.004,0.004,0.004,7.041644346075816e-05,0.0013188647444834958,0.0016545096741604445,0.05,0.001828,0.009419212941440758
60,0.004,0.004,0.004,0.0019701453536429955,0.0006247200474234763,0.01618414898810914,0.05,0.001828,0.009419212941440758
62,0.004,0.004,0.004,0.004330420902194908,1.395264202589642e-05,0.1732764252579303,0.05,0.001828,0.009419212941440758
61,0.004,0.004,0.004,0.06377419945078124,8.700998648816979e-05,0.007896215699174518,0.05,0.001828,0.009419212941440758
63,0.004,0.004,0.004,0.0025162600514427804,0.0019017867285997757,0.00016349909625554675,0.05,0.001828,0.009419212941440758
64,0.004,0.004,0.004,0.0015557408344873773,6.784907427025483e-05,0.08302998274513028,0.05,0.001828,0.009419212941440758
65,0.004,0.004,0.004,0.00017735985934496287,0.06046880411364304,0.002663454836813233,0.05,0.001828,0.009419212941440758
66,0.004,0.004,0.004,0.0006206276267718339,0.0007094064301258745,0.0008362831545994152,0.05,0.001828,0.009419212941440758
67,0.004,0.004,0.004,0.029375255335394406,5.8674452673498845e-05,0.19584411976014193,0.05,0.001828,0.009419212941440758
70,0.004,0.004,0.004,0.43947688562781084,0.012912943114720837,0.008404497563143903,0.05,0.001828,0.009419212941440758
72,0.004,0.004,0.004,0.3959970960354783,0.005774347031767618,0.017233169612822005,0.05,0.001828,0.009419212941440758
71,0.004,0.004,0.004,0.044367704124726765,0.0012292613917852528,0.016333706570141108,0.05,0.001828,0.009419212941440758
73,0.004,0.004,0.004,0.17404270373949293,0.027337331345982766,0.0008685223828212554,0.05,0.001828,0.009419212941440758
75,0.004,0.004,0.004,0.0028327761164936073,0.000334113808950434,0.011274082008216769,0.05,0.001828,0.009419212941440758
76,0.004,0.004,0.004,0.003172510355366652,1.682430388137887e-06,0.3695958057276839,0.05,0.001828,0.009419212941440758
74,0.004,0.004,0.004,0.14627407846094131,1.992446901500016e-06,0.1376445666297761,0.05,0.001828,0.009419212941440758
77,0.004,0.004,0.004,0.20639995986980664,0.005337310263338321,0.021269863808351688,0.05,0.001828,0.009419212941440758
79,0.004,0.004,0.004,0.04532616700512536,0.1002312429770403,0.00012394044554335195,0.05,0.001828,0.009419212941440758
78,0.004,0.004,0.004,0.0003877074253823198,0.0018153574807029385,0.048398598167664036,0.05,0.001828,0.009419212941440758
80,0.004,0.004,0.004,0.000995793714979177,0.023354313348422286,0.015683932331226388,0.05,0.001828,0.009419212941440758
81,0.004,0.004,0.004,0.11217548751394435,9.232951419526016e-05,0.030943612196701175,0.05,0.001828,0.009419212941440758
83,0.004,0.004,0.004,0.16739721720935807,2.2557003550071798e-05,0.05492455228584896,0.05,0.001828,0.009419212941440758
82,0.004,0.004,0.004,0.016490069644153078,8.820104230187343e-05,0.014266922594259919,0.05,0.001828,0.009419212941440758
84,0.004,0.004,0.004,0.4702634017990954,0.021016224414472824,0.005459598093578447,0.05,0.001828,0.009419212941440758
85,0.004,0.004,0.004,0.0004312757981142215,0.0061819682841715365,0.05653457874671563,0.05,0.001828,0.009419212941440758
68,0.004,0.004,0.004,0.04497219683009543,0.0003669179945946988,0.0009903215419881253,0.05,0.001828,0.009419212941440758
87,0.004,0.004,0.004,0.01780143388867034,0.00013533454177324668,0.1050163169904953,0.05,0.001828,0.009419212941440758
86,0.004,0.004,0.004,0.04386258917528323,0.0004953952930846829,0.024283388943153864,0.05,0.001828,0.009419212941440758
88,0.004,0.004,0.004,0.004864683359234985,0.0003936709880389124,0.07410544745031922,0.05,0.001828,0.009419212941440758
89,0.004,0.004,0.004,0.28421076236277143,0.22225923096851807,2.4059655535992227e-07,0.05,0.001828,0.009419212941440758
91,0.004,0.004,0.004,0.033719872781833284,0.0005589168544155942,0.09983386902847287,0.05,0.001828,0.009419212941440758
90,0.004,0.004,0.004,0.002269755632486454,0.005629506620071135,9.932315668541083e-05,0.05,0.001828,0.009419212941440758
92,0.004,0.004,0.004,0.5369213162197799,0.0010404958404643416,0.000496532285601442,0.05,0.001828,0.009419212941440758
93,0.004,0.004,0.004,0.018229665329528882,6.635006946670951e-05,0.020897569159947567,0.05,0.001828,0.009419212941440758
94,0.004,0.004,0.004,0.07799300443973503,0.00015255024544505552,0.017882665879984976,0.05,0.001828,0.009419212941440758
97,0.004,0.004,0.004,0.0006796764594791055,0.005000727848094483,0.0008405191744637792,0.05,0.001828,0.009419212941440758
96,0.004,0.004,0.004,0.02818066566235626,0.03169849330814671,7.096703920748866e-06,0.05,0.001828,0.009419212941440758
95,0.004,0.004,0.004,0.00454724248800835,0.0026104623017314064,6.479525942390347e-05,0.05,0.001828,0.009419212941440758
98,0.004,0.004,0.004,0.011110323087300759,3.28893756867242e-05,0.08200296707351408,0.05,0.001828,0.009419212941440758
99,0.004,0.004,0.004,0.030255779709295622,0.019289121964362155,6.437829229431809e-06,0.05,0.001828,0.009419212941440758
0,0.005,0.005,0.005,0.0015870596080333295,2.5377415030016706e-08,0.007168447283285387,0.05,0.001828,0.009419212941440758
1,0.005,0.005,0.005,3.212735513157529e-06,1.201947245897586e-05,0.007031580241393339,0.05,0.001828,0.009419212941440758
2,0.005,0.005,0.005,0.0018849925973850091,0.0017368091242146117,9.966115527315996e-07,0.05,0.001828,0.009419212941440758
4,0.005,0.005,0.005,0.0015174209186611294,2.8809963291052233e-06,0.0111919404593264,0.05,0.001828,0.009419212941440758
5,0.005,0.005,0.005,0.0005521074277235794,8.72196332099266e-09,0.012704678870083055,0.05,0.001828,0.009419212941440758
3,0.005,0.005,0.005,0.0493650006347546,0.0007307768478808705,0.001557681683859961,0.05,0.001828,0.009419212941440758
6,0.005,0.005,0.005,0.004264486717416468,1.944192187720972e-06,0.0751213136965253,0.05,0.001828,0.009419212941440758
7,0.005,0.005,0.005,0.1547161507002991,0.005205493148121859,0.00017778883037323348,0.05,0.001828,0.009419212941440758
8,0.005,0.005,0.005,0.0007717220266908778,3.007054590368986e-07,0.11341134541841433,0.05,0.001828,0.009419212941440758
9,0.005,0.005,0.005,0.24592421783285157,0.0010542860516368968,0.0009241961880136312,0.05,0.001828,0.009419212941440758
10,0.005,0.005,0.005,0.00022906188867343906,6.77677706859415e-07,0.004104173275297574,0.05,0.001828,0.009419212941440758
69,0.004,0.004,0.004,0.00711538211638583,9.897005565461629e-06,0.031364440482945136,0.05,0.001828,0.009419212941440758
11,0.005,0.005,0.005,0.0023566330744699128,2.0360798190583933e-08,0.0059230110198569405,0.05,0.001828,0.009419212941440758
13,0.005,0.005,0.005,0.001729308886178777,5.506454169856549e-07,0.2304004435434921,0.05,0.001828,0.009419212941440758
12,0.005,0.005,0.005,0.0025375224703876246,1.1552288584484701e-06,0.1487660329444129,0.05,0.001828,0.009419212941440758
14,0.005,0.005,0.005,0.0251708530865745,0.026632937170080837,8.260828337515324e-07,0.05,0.001828,0.009419212941440758
15,0.005,0.005,0.005,0.00030042632320527126,1.2639510753759635e-05,0.03801040465817416,0.05,0.001828,0.009419212941440758
17,0.005,0.005,0.005,0.011331089950418967,4.839939579507931e-05,0.006809595171706832,0.05,0.001828,0.009419212941440758
16,0.005,0.005,0.005,0.0009287991129796068,0.0218806047744173,0.0001435647213038952,0.05,0.001828,0.009419212941440758
18,0.005,0.005,0.005,0.00012031401660457188,0.003980491953189693,0.0006089140500858118,0.05,0.001828,0.009419212941440758
19,0.005,0.005,0.005,0.020628190038106283,3.438888340862732e-06,0.0015932588370051162,0.05,0.001828,0.009419212941440758
20,0.005,0.005,0.005,0.001561653538465753,4.315984027278183e-07,0.17267825100816536,0.05,0.001828,0.009419212941440758
21,0.005,0.005,0.005,0.003608943457688224,3.511448841485427e-08,0.03952736315930437,0.05,0.001828,0.009419212941440758
22,0.005,0.005,0.005,0.0890774322163159,3.4244416479793064e-08,0.0015259126156362559,0.05,0.001828,0.009419212941440758
23,0.005,0.005,0.005,0.2695111483218656,1.2867505556703334e-07,0.001267017073057709,0.05,0.001828,0.009419212941440758
25,0.005,0.005,0.005,0.07397781781447586,2.386117318322171e-05,0.0002040011046824851,0.05,0.001828,0.009419212941440758
24,0.005,0.005,0.005,0.00665875999334327,7.687143133770048e-09,0.0060107893043723215,0.05,0.001828,0.009419212941440758
26,0.005,0.005,0.005,0.006070822914589473,0.10291404630257044,6.314490976631479e-07,0.05,0.001828,0.009419212941440758
27,0.005,0.005,0.005,0.021141671950124445,8.346436115762335e-05,0.007813458814022907,0.05,0.001828,0.009419212941440758
29,0.005,0.005,0.005,0.11030376618503371,2.1432373369201984e-06,0.011271182828267425,0.05,0.001828,0.009419212941440758
28,0.005,0.005,0.005,0.00010713073507076569,1.0521387262692817e-06,0.07451296646003461,0.05,0.001828,0.009419212941440758
31,0.005,0.005,0.005,0.008129368896831517,4.058082227587014e-06,0.001537652787611957,0.05,0.001828,0.009419212941440758
30,0.005,0.005,0.005,0.026779641388885528,0.00041816425446455463,0.0029744655925283223,0.05,0.001828,0.009419212941440758
32,0.005,0.005,0.005,0.0009831337575883453,1.3525213663459082e-08,0.26103575505395293,0.05,0.001828,0.009419212941440758
33,0.005,0.005,0.005,5.1666758042463506e-05,2.8078012545998834e-10,0.26985892053520866,0.05,0.001828,0.009419212941440758
34,0.005,0.005,0.005,0.00011976371188180695,1.0369488417220962e-06,0.27051655637700134,0.05,0.001828,0.009419212941440758
35,0.005,0.005,0.005,0.16287109526107124,0.004389883077963063,0.000910724156352608,0.05,0.001828,0.009419212941440758
36,0.005,0.005,0.005,0.0017101091711526429,1.7751024865562672e-06,0.007988463766392137,0.05,0.001828,0.009419212941440758
37,0.005,0.005,0.005,0.005232947596616631,0.007290281166893593,1.2932763189726552e-06,0.05,0.001828,0.009419212941440758
38,0.005,0.005,0.005,0.0014014657946890298,0.0004125602837322406,1.0937975071123165e-06,0.05,0.001828,0.009419212941440758
39,0.005,0.005,0.005,0.004031662811628726,6.755315085216417e-05,1.3874039553816309e-05,0.05,0.001828,0.009419212941440758
41,0.005,0.005,0.005,0.004877273954814099,0.004921355888530356,2.1301496493957505e-06,0.05,0.001828,0.009419212941440758
40,0.005,0.005,0.005,0.04545068312243968,2.654436319771001e-05,0.009636665243642671,0.05,0.001828,0.009419212941440758
42,0.005,0.005,0.005,0.00047341993467637437,4.4760739916912756e-07,0.0009195460536723582,0.05,0.001828,0.009419212941440758
43,0.005,0.005,0.005,0.0021110599059462384,2.453774996721774e-06,0.002677005346025602,0.05,0.001828,0.009419212941440758
44,0.005,0.005,0.005,0.0013598102891105902,3.4257253801258757e-07,0.00024671847244974105,0.05,0.001828,0.009419212941440758
45,0.005,0.005,0.005,4.494970031421266e-05,6.56365679010248e-05,0.010827407919820628,0.05,0.001828,0.009419212941440758
46,0.005,0.005,0.005,0.0344564515806691,0.0039287572466802255,4.465985043318224e-08,0.05,0.001828,0.009419212941440758
47,0.005,0.005,0.005,7.196287550625401e-06,4.576436609766273e-09,0.11200287724246726,0.05,0.001828,0.009419212941440758
48,0.005,0.005,0.005,0.0016539178546236355,5.848371890279316e-07,0.012883648323519157,0.05,0.001828,0.009419212941440758
49,0.005,0.005,0.005,0.0005741724106348688,1.0822936646155817e-05,0.007192273877875105,0.05,0.001828,0.009419212941440758
51,0.005,0.005,0.005,0.01770149721579407,0.00012592492893384645,5.152377185140607e-05,0.05,0.001828,0.009419212941440758
50,0.005,0.005,0.005,0.002183787919038809,2.754184645408099e-07,0.017118897707104272,0.05,0.001828,0.009419212941440758
52,0.005,0.005,0.005,0.007722278908380738,0.0026687259188098843,9.130764236890942e-06,0.05,0.001828,0.009419212941440758
53,0.005,0.005,0.005,0.005671998311857445,0.00012806828889270442,4.186910977578333e-05,0.05,0.001828,0.009419212941440758
55,0.005,0.005,0.005,0.0043544085053357036,8.43796439947264e-06,0.01485365781214829,0.05,0.001828,0.009419212941440758
54,0.005,0.005,0.005,0.00175791426893395,0.0007634996147112907,0.0003235488338222101,0.05,0.001828,0.009419212941440758
57,0.005,0.005,0.005,0.00031811148070974636,3.697202170460354e-09,0.41438482546183897,0.05,0.001828,0.009419212941440758
56,0.005,0.005,0.005,0.0007070063126524215,6.240455906041549e-07,0.008624683566682034,0.05,0.001828,0.009419212941440758
58,0.005,0.005,0.005,0.07751635363655134,0.0009553650172580318,0.0003367693587563639,0.05,0.001828,0.009419212941440758
59,0.005,0.005,0.005,0.0026005224964020532,2.9103711609062093e-06,0.08293675638941432,0.05,0.001828,0.009419212941440758
61,0.005,0.005,0.005,0.075956662871792,8.653212272617944e-05,0.0009786152433301765,0.05,0.001828,0.009419212941440758
60,0.005,0.005,0.005,0.0003941650045257303,8.616376798529242e-05,0.0016976797349604871,0.05,0.001828,0.009419212941440758
63,0.005,0.005,0.005,0.24922298633714435,4.4779867288555185e-07,1.767867245195666e-05,0.05,0.001828,0.009419212941440758
62,0.005,0.005,0.005,0.129224332845892,6.034747769876739e-05,4.4015130511478874e-07,0.05,0.001828,0.009419212941440758
64,0.005,0.005,0.005,0.00035659998938907493,0.00037059817087379193,2.437523153746247e-05,0.05,0.001828,0.009419212941440758
66,0.005,0.005,0.005,0.08337552929557993,0.0010049169762532215,8.675640292059413e-06,0.05,0.001828,0.009419212941440758
65,0.005,0.005,0.005,0.0074801526816789445,8.649827195122459e-08,0.0001634081630336045,0.05,0.001828,0.009419212941440758
67,0.005,0.005,0.005,0.0027758286946113976,0.00016964038264177575,0.04999341914923429,0.05,0.001828,0.009419212941440758
68,0.005,0.005,0.005,6.855370232222673e-06,0.0001362206703650966,0.0012364118034753756,0.05,0.001828,0.009419212941440758
69,0.005,0.005,0.005,0.0045803486344971975,1.0805456638714597e-06,0.00012230429238161333,0.05,0.001828,0.009419212941440758
71,0.005,0.005,0.005,0.01276737223554076,1.1016693298405955e-06,6.586958520082961e-07,0.05,0.001828,0.009419212941440758
70,0.005,0.005,0.005,2.1535230733850283e-05,0.0006734538382203257,0.0010764792213450983,0.05,0.001828,0.009419212941440758
72,0.005,0.005,0.005,0.0022172481423474557,0.002813783762839249,0.00042557867798228243,0.05,0.001828,0.009419212941440758
73,0.005,0.005,0.005,0.025872618648771037,0.001185500116214927,0.0005419921191574369,0.05,0.001828,0.009419212941440758
77,0.005,0.005,0.005,0.027165421466407602,8.340146933061116e-06,0.0006081060697891547,0.05,0.001828,0.009419212941440758
74,0.005,0.005,0.005,0.013078327305017715,2.9892611721039154e-05,0.00048591846515329463,0.05,0.001828,0.009419212941440758
75,0.005,0.005,0.005,0.0008422894567119072,1.0272811560035604e-05,0.025186971707981547,0.05,0.001828,0.009419212941440758
76,0.005,0.005,0.005,0.002321881784750634,0.008789532567774525,0.00019970403350823903,0.05,0.001828,0.009419212941440758
78,0.005,0.005,0.005,0.0004192920286224902,2.0031412848195167e-08,0.10029642581987228,0.05,0.001828,0.009419212941440758
79,0.005,0.005,0.005,0.017227019029217656,5.011944712277604e-06,0.00971370150894314,0.05,0.001828,0.009419212941440758
80,0.005,0.005,0.005,0.003404429558957243,0.0011030474574549205,0.0004420715787492571,0.05,0.001828,0.009419212941440758
81,0.005,0.005,0.005,6.43791592694374e-05,7.683408681414994e-07,0.015246474936788032,0.05,0.001828,0.009419212941440758
83,0.005,0.005,0.005,0.0016418857955863445,4.443965759289275e-06,2.9473467884873407e-05,0.05,0.001828,0.009419212941440758
82,0.005,0.005,0.005,0.006153824673886227,2.2750412225464286e-06,0.00045302180476951563,0.05,0.001828,0.009419212941440758
84,0.005,0.005,0.005,0.024851986197696557,0.00012370207097830313,0.05083295119444205,0.05,0.001828,0.009419212941440758
85,0.005,0.005,0.005,0.0001047981044367871,3.433417826852052e-08,0.08720625986040523,0.05,0.001828,0.009419212941440758
87,0.005,0.005,0.005,0.0010510997158985741,7.626829972382144e-05,0.0002597952158565454,0.05,0.001828,0.009419212941440758
86,0.005,0.005,0.005,0.0033424412262685944,2.45350372640484e-08,0.0042487344924457176,0.05,0.001828,0.009419212941440758
88,0.005,0.005,0.005,0.015835060169608287,0.00020946998410189838,4.4112333721910043e-07,0.05,0.001828,0.009419212941440758
89,0.005,0.005,0.005,0.0008338295574081243,4.9781545101221654e-06,2.268749428490573e-05,0.05,0.001828,0.009419212941440758
91,0.005,0.005,0.005,0.002776227405716129,0.00040432021629740805,7.470087868607954e-05,0.05,0.001828,0.009419212941440758
90,0.005,0.005,0.005,0.00080852609973783,0.00042930412368804584,1.3407964341794038e-05,0.05,0.001828,0.009419212941440758
92,0.005,0.005,0.005,0.0004309569651359359,6.2769336512913126e-09,0.004152644464309269,0.05,0.001828,0.009419212941440758
93,0.005,0.005,0.005,1.1215942301941567e-05,1.6881553727146493e-10,0.04602956310768516,0.05,0.001828,0.009419212941440758
95,0.005,0.005,0.005,0.0038263382859091365,2.594963841736336e-07,0.0006302896969983649,0.05,0.001828,0.009419212941440758
94,0.005,0.005,0.005,2.2664236091483825e-05,4.477364710867859e-09,0.010006887626859192,0.05,0.001828,0.009419212941440758
96,0.005,0.005,0.005,0.028086736304743815,1.991730973710588e-08,8.723187442442383e-05,0.05,0.001828,0.009419212941440758
97,0.005,0.005,0.005,0.00016422558314775198,0.002459287581764055,2.4179128542391944e-05,0.05,0.001828,0.009419212941440758
99,0.005,0.005,0.005,0.0002836803997394582,0.00123894628695441,0.0003201793143247191,0.05,0.001828,0.009419212941440758
98,0.005,0.005,0.005,0.0051321365341154565,1.754812469635537e-06,0.02826064608832139,0.05,0.001828,0.009419212941440758
0,0.006,0.006,0.006,1.8414821385173146e-06,4.302071877084021e-08,0.004307633595955154,0.05,0.001828,0.009419212941440758
1,0.006,0.006,0.006,0.00017676164398108165,2.292102569291457e-11,0.0003751815395721647,0.05,0.001828,0.009419212941440758
3,0.006,0.006,0.006,1.9869054456245607e-06,8.757583541394715e-09,0.01314428595158572,0.05,0.001828,0.009419212941440758
2,0.006,0.006,0.006,3.718074415757205e-05,6.995847021339463e-06,0.0010872578997923375,0.05,0.001828,0.009419212941440758
4,0.006,0.006,0.006,0.0005023482253242547,3.309495923343871e-09,0.008494958389680467,0.05,0.001828,0.009419212941440758
6,0.006,0.006,0.006,0.006996162019582656,4.202253234688158e-07,1.914232153819393e-05,0.05,0.001828,0.009419212941440758
5,0.006,0.006,0.006,4.1849586839367247e-05,1.9469954725120926e-07,9.669058622355215e-05,0.05,0.001828,0.009419212941440758
7,0.006,0.006,0.006,0.05148688550170897,1.000433371065186e-06,1.1322800591616289e-09,0.05,0.001828,0.009419212941440758
9,0.006,0.006,0.006,0.0016020909113806383,3.8239767879613876e-08,0.002284380293866249,0.05,0.001828,0.009419212941440758
8,0.006,0.006,0.006,0.00038257913178727133,2.706862001737633e-10,6.438822442569696e-05,0.05,0.001828,0.009419212941440758
10,0.006,0.006,0.006,1.9063395146551157e-07,2.533105260755225e-10,0.03477289761258783,0.05,0.001828,0.009419212941440758
11,0.006,0.006,0.006,6.864866008282946e-06,1.5133937334699858e-06,0.0013362169528412155,0.05,0.001828,0.009419212941440758
12,0.006,0.006,0.006,2.7185326038665186e-07,5.07252411162397e-11,0.01147481798182583,0.05,0.001828,0.009419212941440758
13,0.006,0.006,0.006,7.985766602680266e-08,1.0375541897221488e-08,0.0028186528780791546,0.05,0.001828,0.009419212941440758
14,0.006,0.006,0.006,0.00010426447118409688,3.3701464712771985e-10,2.5515343828259255e-05,0.05,0.001828,0.009419212941440758
15,0.006,0.006,0.006,5.6188957525214135e-06,2.071782044183563e-09,0.003447999185083915,0.05,0.001828,0.009419212941440758
16,0.006,0.006,0.006,0.007144333836510282,1.1178563076726293e-08,1.0447235648473696e-05,0.05,0.001828,0.009419212941440758
18,0.006,0.006,0.006,0.0024587609338343457,1.744873805446699e-08,7.011531746234123e-05,0.05,0.001828,0.009419212941440758
19,0.006,0.006,0.006,0.0006706802958854735,4.265137712050573e-05,7.309410355998424e-05,0.05,0.001828,0.009419212941440758
21,0.006,0.006,0.006,8.035659723929e-09,5.665588696168668e-11,0.0046460378014716525,0.05,0.001828,0.009419212941440758
22,0.006,0.006,0.006,0.000455209514418742,0.00010592832434305424,5.0381519598738e-05,0.05,0.001828,0.009419212941440758
23,0.006,0.006,0.006,1.1265577287493365e-05,2.6127354412036916e-06,1.6690284740074723e-06,0.05,0.001828,0.009419212941440758
24,0.006,0.006,0.006,0.00035459350864574005,9.279782524780607e-06,2.0895466156091762e-06,0.05,0.001828,0.009419212941440758
25,0.006,0.006,0.006,2.762623580307065e-05,2.022263674674051e-05,3.638359839588978e-05,0.05,0.001828,0.009419212941440758
26,0.006,0.006,0.006,0.002750186679780446,0.0020944551208519975,2.945769203780188e-07,0.05,0.001828,0.009419212941440758
27,0.006,0.006,0.006,0.0005302935004131549,2.4698317089411275e-07,0.012565671737672687,0.05,0.001828,0.009419212941440758
28,0.006,0.006,0.006,0.00010686284503247392,1.4739506634411975e-06,6.462421496006357e-05,0.05,0.001828,0.009419212941440758
29,0.006,0.006,0.006,4.197004661624212e-05,0.0003843799257349112,1.1265464328455597e-07,0.05,0.001828,0.009419212941440758
30,0.006,0.006,0.006,2.4709030243728766e-05,1.0874893075804215e-08,0.00012951653256073353,0.05,0.001828,0.009419212941440758
31,0.006,0.006,0.006,3.195602807957228e-07,4.317295110268551e-14,0.002394646282504764,0.05,0.001828,0.009419212941440758
32,0.006,0.006,0.006,0.06681828250044974,5.389353886845348e-08,3.4232811428509245e-07,0.05,0.001828,0.009419212941440758
33,0.006,0.006,0.006,3.973686710543876e-09,2.807807905336866e-11,0.0017070470668642775,0.05,0.001828,0.009419212941440758
35,0.006,0.006,0.006,7.824060726796478e-05,1.1631851305338578e-09,0.00013524065089817812,0.05,0.001828,0.009419212941440758
34,0.006,0.006,0.006,0.004382252814983969,1.4818429512492747e-07,7.100543605553371e-06,0.05,0.001828,0.009419212941440758
36,0.006,0.006,0.006,4.47914155759918e-05,5.507333748222134e-12,0.0017290599464514559,0.05,0.001828,0.009419212941440758
37,0.006,0.006,0.006,2.9036437737505657e-09,1.566891612169891e-12,0.000948985739678307,0.05,0.001828,0.009419212941440758
38,0.006,0.006,0.006,1.1515783745310209e-06,6.880463667162076e-06,0.00044449006423117796,0.05,0.001828,0.009419212941440758
39,0.006,0.006,0.006,0.00011013811632797633,7.15960810357579e-05,0.00025146469635091575,0.05,0.001828,0.009419212941440758
40,0.006,0.006,0.006,0.00011501691888701326,7.302258405623262e-06,7.119299648864859e-06,0.05,0.001828,0.009419212941440758
41,0.006,0.006,0.006,5.3456671348352044e-05,1.597109689714887e-05,8.993097459462043e-05,0.05,0.001828,0.009419212941440758
42,0.006,0.006,0.006,0.00018301491772969514,1.2654791897844063e-05,3.4887524103079476e-07,0.05,0.001828,0.009419212941440758
43,0.006,0.006,0.006,1.6412839980249458e-05,1.6415701838580724e-14,0.0016204425115416484,0.05,0.001828,0.009419212941440758
44,0.006,0.006,0.006,1.794468172701693e-05,1.3554117171750851e-06,0.0011446370579924752,0.05,0.001828,0.009419212941440758
45,0.006,0.006,0.006,2.0062995591931168e-05,5.693253752670308e-07,0.002728628563481443,0.05,0.001828,0.009419212941440758
46,0.006,0.006,0.006,0.00035185693187127665,1.1564150966179219e-08,0.0044057756662011826,0.05,0.001828,0.009419212941440758
48,0.006,0.006,0.006,1.3712075364569498e-05,6.046445060021353e-06,3.767853525110129e-05,0.05,0.001828,0.009419212941440758
47,0.006,0.006,0.006,0.0019209706146563973,4.1356362464477385e-06,3.8102067216358505e-05,0.05,0.001828,0.009419212941440758
50,0.006,0.006,0.006,0.00983153638827099,5.477804943240856e-06,1.9396290464729397e-07,0.05,0.001828,0.009419212941440758
49,0.006,0.006,0.006,0.0008936349253131788,1.0922280228272353e-05,8.019505320947029e-05,0.05,0.001828,0.009419212941440758
51,0.006,0.006,0.006,7.841706949701424e-06,1.668783372882344e-05,0.0024054394295588157,0.05,0.001828,0.009419212941440758
52,0.006,0.006,0.006,7.328475154746475e-07,4.61665724698149e-14,0.006049352704011005,0.05,0.001828,0.009419212941440758
53,0.006,0.006,0.006,0.004428652214970918,5.559935848435599e-08,0.005977360062368029,0.05,0.001828,0.009419212941440758
20,0.006,0.006,0.006,0.001763906926059563,5.590645528739929e-09,4.053150183171192e-06,0.05,0.001828,0.009419212941440758
54,0.006,0.006,0.006,9.654040925600911e-05,1.6149539631740913e-08,0.002776766548561647,0.05,0.001828,0.009419212941440758
55,0.006,0.006,0.006,0.0004001911106961543,1.6542403288283635e-12,0.0020112252604629465,0.05,0.001828,0.009419212941440758
56,0.006,0.006,0.006,0.006185025522098074,2.6992161397901003e-09,0.0004691263458275279,0.05,0.001828,0.009419212941440758
57,0.006,0.006,0.006,0.001413607449677979,1.3463583625717494e-06,5.479547117601548e-05,0.05,0.001828,0.009419212941440758
58,0.006,0.006,0.006,0.0009807785943159223,1.6715123914997895e-08,0.000219953475193819,0.05,0.001828,0.009419212941440758
17,0.006,0.006,0.006,0.0005733982270655114,0.00018569098868398572,1.1498096723761408e-05,0.05,0.001828,0.009419212941440758
59,0.006,0.006,0.006,4.683162060929826e-06,1.2638646781641062e-10,0.004764475196443237,0.05,0.001828,0.009419212941440758
60,0.006,0.006,0.006,4.54070363215837e-06,0.0015436988007456855,1.0662805318433423e-06,0.05,0.001828,0.009419212941440758
61,0.006,0.006,0.006,0.005729307632495983,6.388666420576747e-10,0.0005224515312310497,0.05,0.001828,0.009419212941440758
62,0.006,0.006,0.006,0.00014505581831906849,1.5611790442455578e-10,0.033589291420058516,0.05,0.001828,0.009419212941440758
63,0.006,0.006,0.006,3.3460224249938443e-06,2.7053078232146637e-08,4.648533365430224e-05,0.05,0.001828,0.009419212941440758
66,0.006,0.006,0.006,0.0004085250971416236,3.011001369166241e-05,1.568363911665266e-06,0.05,0.001828,0.009419212941440758
67,0.006,0.006,0.006,3.0150527765652e-05,1.4369099493107148e-11,0.003583042076510084,0.05,0.001828,0.009419212941440758
64,0.006,0.006,0.006,3.006400208142157e-05,6.120139743686081e-07,0.0014887170362763644,0.05,0.001828,0.009419212941440758
65,0.006,0.006,0.006,5.32646150601199e-08,2.244285210733207e-14,0.009956132060316618,0.05,0.001828,0.009419212941440758
68,0.006,0.006,0.006,0.0004923464235324836,6.261003767251805e-07,8.635512098576265e-07,0.05,0.001828,0.009419212941440758
69,0.006,0.006,0.006,0.0008621419536905125,0.00966708323481183,2.9790954719597365e-09,0.05,0.001828,0.009419212941440758
71,0.006,0.006,0.006,1.3785462470200898e-05,2.0390364412764899e-10,0.0003722077341166191,0.05,0.001828,0.009419212941440758
70,0.006,0.006,0.006,6.526543356206825e-06,1.891840591591947e-11,0.0004133018653712359,0.05,0.001828,0.009419212941440758
73,0.006,0.006,0.006,6.091553495236461e-08,3.798044615863447e-11,0.001675793149579397,0.05,0.001828,0.009419212941440758
72,0.006,0.006,0.006,1.2071179884879628e-06,1.1011502428848312e-09,0.0028483863225188997,0.05,0.001828,0.009419212941440758
76,0.006,0.006,0.006,1.120712230017457e-07,1.1036359807074832e-10,0.0004122248075837992,0.05,0.001828,0.009419212941440758
77,0.006,0.006,0.006,7.590695385450217e-07,3.519694224239168e-10,0.00020552131065203072,0.05,0.001828,0.009419212941440758
74,0.006,0.006,0.006,0.000974971971057446,9.377893653466882e-08,1.9514185208921183e-06,0.05,0.001828,0.009419212941440758
75,0.006,0.006,0.006,4.164529291088438e-10,4.700912772067092e-07,0.000719650361143579,0.05,0.001828,0.009419212941440758
78,0.006,0.006,0.006,1.1690380442940609e-05,1.901608223716672e-13,0.003765789029331233,0.05,0.001828,0.009419212941440758
79,0.006,0.006,0.006,2.7394270226619647e-06,1.2208141833423996e-11,0.00016373274658593184,0.05,0.001828,0.009419212941440758
81,0.006,0.006,0.006,5.547099537540038e-05,1.1131942212930159e-05,3.8415065000434963e-05,0.05,0.001828,0.009419212941440758
80,0.006,0.006,0.006,2.1374416650484046e-07,5.993568233454669e-11,0.0034171172844699974,0.05,0.001828,0.009419212941440758
83,0.006,0.006,0.006,0.00011840932914624842,1.1573945207261905e-06,1.4923574106815948e-05,0.05,0.001828,0.009419212941440758
82,0.006,0.006,0.006,8.9630135349108e-05,4.252880667067503e-11,0.02565993682499368,0.05,0.001828,0.009419212941440758
86,0.006,0.006,0.006,4.058857578702829e-06,2.2334053002467656e-07,0.028224499821078105,0.05,0.001828,0.009419212941440758
84,0.006,0.006,0.006,3.860252772258569e-05,8.549823151477046e-05,6.479206448404519e-06,0.05,0.001828,0.009419212941440758
87,0.006,0.006,0.006,1.0885557356885245e-05,4.0864875217610234e-11,0.045697300595536824,0.05,0.001828,0.009419212941440758
85,0.006,0.006,0.006,0.00046642758248611587,1.320557358483047e-10,0.013872026064767975,0.05,0.001828,0.009419212941440758
90,0.006,0.006,0.006,0.00975358220243196,0.00037793547248419124,1.8835572671535676e-07,0.05,0.001828,0.009419212941440758
88,0.006,0.006,0.006,0.00010981679517278601,4.889738385452883e-06,0.0006775582394686748,0.05,0.001828,0.009419212941440758
92,0.006,0.006,0.006,0.0009653131404682123,2.0658862811915404e-10,1.6755344127183466e-05,0.05,0.001828,0.009419212941440758
89,0.006,0.006,0.006,5.319324356598085e-05,6.38784535642102e-07,4.103866397595822e-05,0.05,0.001828,0.009419212941440758
91,0.006,0.006,0.006,3.667135099006305e-05,9.559126352345988e-09,0.016658684681144793,0.05,0.001828,0.009419212941440758
93,0.006,0.006,0.006,6.451806395160572e-07,1.0479841409953603e-08,3.429298545250791e-05,0.05,0.001828,0.009419212941440758
95,0.006,0.006,0.006,4.5882501988258926e-10,6.438761177398019e-12,0.001980547085510672,0.05,0.001828,0.009419212941440758
94,0.006,0.006,0.006,1.0425173214544084e-07,4.9377994509666824e-12,0.010645067347671271,0.05,0.001828,0.009419212941440758
96,0.006,0.006,0.006,6.361223859889497e-06,1.1302631115050387e-05,3.6467420772664247e-06,0.05,0.001828,0.009419212941440758
97,0.006,0.006,0.006,0.00022821826765078253,2.56116618468861e-05,2.4265623165036573e-07,0.05,0.001828,0.009419212941440758
0,0.007,0.007,0.007,0.00023856931043371562,0.00025143325213826623,1.7649018762496947e-07,0.05,0.001828,0.009419212941440758
99,0.006,0.006,0.006,1.7564298960090928e-07,1.2890866378479774e-09,0.0008531140126569599,0.05,0.001828,0.009419212941440758
98,0.006,0.006,0.006,0.0017919990825259074,1.3574217329950586e-07,0.00011325845721982335,0.05,0.001828,0.009419212941440758
1,0.007,0.007,0.007,0.0026057620751620087,6.544930609094871e-07,4.848604628492018e-07,0.05,0.001828,0.009419212941440758
2,0.007,0.007,0.007,1.154131431066004e-06,7.771983146326808e-10,2.2315346423985157e-07,0.05,0.001828,0.009419212941440758
3,0.007,0.007,0.007,4.665645301686651e-12,9.849942677465926e-10,8.628514726448823e-05,0.05,0.001828,0.009419212941440758
6,0.007,0.007,0.007,3.6386542438101584e-09,1.7119337322653778e-09,1.707612870961526e-05,0.05,0.001828,0.009419212941440758
4,0.007,0.007,0.007,0.00042816778554722294,1.5089173751465512e-06,1.923058437448725e-05,0.05,0.001828,0.009419212941440758
5,0.007,0.007,0.007,3.138018918733382e-07,2.3420034476237745e-05,3.176797605225206e-10,0.05,0.001828,0.009419212941440758
7,0.007,0.007,0.007,1.4532933051355313e-11,6.0920409907817e-08,1.3315523388471011e-06,0.05,0.001828,0.009419212941440758
10,0.007,0.007,0.007,1.865140189012661e-09,3.580559464401655e-11,3.375055037438477e-05,0.05,0.001828,0.009419212941440758
11,0.007,0.007,0.007,0.0003470932103503565,3.1808226939842383e-10,3.338932160060373e-05,0.05,0.001828,0.009419212941440758
8,0.007,0.007,0.007,3.769763924265623e-07,1.4460262000083308e-11,0.0006868545078598096,0.05,0.001828,0.009419212941440758
9,0.007,0.007,0.007,5.115814332856768e-06,3.409238049152721e-05,1.2865599832689207e-09,0.05,0.001828,0.009419212941440758
12,0.007,0.007,0.007,1.1592061872555106e-08,1.361418608956903e-10,0.00010277638161723259,0.05,0.001828,0.009419212941440758
13,0.007,0.007,0.007,0.0012912609410885647,6.8817844924621835e-09,7.591493130693728e-08,0.05,0.001828,0.009419212941440758
15,0.007,0.007,0.007,0.0004595620478909852,3.0414672509779466e-08,4.589700056697454e-08,0.05,0.001828,0.009419212941440758
14,0.007,0.007,0.007,1.8126989477892917e-05,3.94968288826767e-09,5.043896224138223e-08,0.05,0.001828,0.009419212941440758
16,0.007,0.007,0.007,1.1842204403717246e-08,3.221913742601968e-13,3.771191863118537e-05,0.05,0.001828,0.009419212941440758
17,0.007,0.007,0.007,0.00014534296063344114,4.927601191368284e-12,2.620475186286127e-05,0.05,0.001828,0.009419212941440758
19,0.007,0.007,0.007,1.7088713588148232e-09,7.726447462603987e-15,0.0025465909671512654,0.05,0.001828,0.009419212941440758
18,0.007,0.007,0.007,2.2619056200671443e-09,4.1989235512217955e-12,0.0009949705290283814,0.05,0.001828,0.009419212941440758
20,0.007,0.007,0.007,2.751036875422298e-06,1.5115611853026643e-12,4.792052679446336e-05,0.05,0.001828,0.009419212941440758
21,0.007,0.007,0.007,6.458300326413441e-09,1.3439106505505587e-15,7.601227715435265e-05,0.05,0.001828,0.009419212941440758
22,0.007,0.007,0.007,9.476712225916096e-05,6.763247178177596e-09,4.688027107106559e-07,0.05,0.001828,0.009419212941440758
24,0.007,0.007,0.007,1.404922333759873e-05,2.310555813848896e-13,0.0005687603890820874,0.05,0.001828,0.009419212941440758
23,0.007,0.007,0.007,5.757227998641613e-09,0.00021147154069543176,4.6393791947880197e-10,0.05,0.001828,0.009419212941440758
25,0.007,0.007,0.007,9.813430446403113e-09,1.462856860557055e-05,2.6420608242831017e-09,0.05,0.001828,0.009419212941440758
26,0.007,0.007,0.007,1.7796272481098994e-05,2.3320759073005766e-09,1.438937873926179e-06,0.05,0.001828,0.009419212941440758
27,0.007,0.007,0.007,1.6105052056260654e-06,0.002177232507611004,1.2348403061216203e-11,0.05,0.001828,0.009419212941440758
31,0.007,0.007,0.007,0.0016202007561605038,1.2340525255948101e-09,1.5399042176407565e-05,0.05,0.001828,0.009419212941440758
28,0.007,0.007,0.007,2.477431479767206e-11,4.170433667399097e-11,0.004219150717207363,0.05,0.001828,0.009419212941440758
29,0.007,0.007,0.007,1.804592896099594e-05,4.098369716130493e-13,0.007460031557890318,0.05,0.001828,0.009419212941440758
30,0.007,0.007,0.007,1.8540995172815525e-06,5.948132943134395e-09,0.00019351163380000407,0.05,0.001828,0.009419212941440758
32,0.007,0.007,0.007,2.3181867757810235e-07,1.1992841390180001e-06,8.72060589071913e-08,0.05,0.001828,0.009419212941440758
33,0.007,0.007,0.007,1.28697158960177e-09,1.4395413679613132e-20,0.0012936392778480409,0.05,0.001828,0.009419212941440758
38,0.007,0.007,0.007,5.734728341542911e-05,5.317181463251158e-07,5.072354308088746e-06,0.05,0.001828,0.009419212941440758
34,0.007,0.007,0.007,1.2985877673754738e-07,5.0044696359002275e-14,0.0005700846797084016,0.05,0.001828,0.009419212941440758
35,0.007,0.007,0.007,3.914364924604205e-05,1.2856732054366152e-15,0.00011810184277148504,0.05,0.001828,0.009419212941440758
37,0.007,0.007,0.007,2.6136756321963736e-07,2.3059002775222062e-15,0.0026874720807741497,0.05,0.001828,0.009419212941440758
36,0.007,0.007,0.007,1.1143188397036885e-05,1.183280812287505e-06,3.59783790713857e-06,0.05,0.001828,0.009419212941440758
39,0.007,0.007,0.007,1.8052521825079725e-05,1.827542324152405e-12,0.00041373824836381034,0.05,0.001828,0.009419212941440758
41,0.007,0.007,0.007,1.938162396247569e-09,1.4421025271373477e-13,0.00355432442659061,0.05,0.001828,0.009419212941440758
40,0.007,0.007,0.007,1.5080583483736973e-06,4.375348726304772e-10,6.588422383212277e-07,0.05,0.001828,0.009419212941440758
42,0.007,0.007,0.007,1.7434997689810023e-07,1.7674767348624359e-12,4.771644369687902e-05,0.05,0.001828,0.009419212941440758
43,0.007,0.007,0.007,1.2007027349368287e-09,1.8607875899326652e-10,7.323178065244338e-05,0.05,0.001828,0.009419212941440758
44,0.007,0.007,0.007,2.2758927206924473e-06,1.9469305420011093e-12,0.00011675676884355653,0.05,0.001828,0.009419212941440758
47,0.007,0.007,0.007,4.2464070494605804e-05,1.2819784134938118e-10,6.105481453110678e-05,0.05,0.001828,0.009419212941440758
46,0.007,0.007,0.007,1.9795705414220613e-07,2.114961989566178e-09,9.755099743437255e-05,0.05,0.001828,0.009419212941440758
45,0.007,0.007,0.007,0.00044595685671979494,6.483354375389922e-08,3.149270036725778e-05,0.05,0.001828,0.009419212941440758
50,0.007,0.007,0.007,2.4938146544240068e-05,1.1952743265645337e-05,9.047843183202244e-11,0.05,0.001828,0.009419212941440758
48,0.007,0.007,0.007,9.054112443920033e-05,3.243745929003485e-11,2.6617261528512296e-05,0.05,0.001828,0.009419212941440758
49,0.007,0.007,0.007,9.774362258426613e-06,1.9797173736778203e-09,2.7587413293791297e-07,0.05,0.001828,0.009419212941440758
52,0.007,0.007,0.007,1.6131804262733707e-05,2.28310821595133e-09,0.0008324097236777622,0.05,0.001828,0.009419212941440758
53,0.007,0.007,0.007,1.8804304526991196e-06,1.6346867135299615e-13,0.0010476645609832297,0.05,0.001828,0.009419212941440758
55,0.007,0.007,0.007,0.00016055836473817647,1.6762418231135322e-10,0.00019475568737737183,0.05,0.001828,0.009419212941440758
54,0.007,0.007,0.007,9.165938388058503e-10,1.0872069599864203e-15,0.0018741139024846555,0.05,0.001828,0.009419212941440758
56,0.007,0.007,0.007,3.409736742821693e-07,1.7557943121193707e-09,7.506824812962035e-05,0.05,0.001828,0.009419212941440758
57,0.007,0.007,0.007,5.9207158164171795e-06,1.2643100441955065e-09,0.00015425951511181932,0.05,0.001828,0.009419212941440758
58,0.007,0.007,0.007,9.009347027240066e-09,1.2714655838141691e-17,0.0016525135223397973,0.05,0.001828,0.009419212941440758
60,0.007,0.007,0.007,4.296001498005648e-10,1.0365698312442291e-06,1.3281409866378124e-05,0.05,0.001828,0.009419212941440758
59,0.007,0.007,0.007,1.567321775523418e-06,1.1940098665348464e-13,0.0007836836333834902,0.05,0.001828,0.009419212941440758
61,0.007,0.007,0.007,2.843699355663443e-07,9.307078758727336e-11,0.00015209227898762618,0.05,0.001828,0.009419212941440758
62,0.007,0.007,0.007,5.483150647018369e-09,8.081082234067264e-11,2.4548183297372888e-05,0.05,0.001828,0.009419212941440758
65,0.007,0.007,0.007,9.628243146883557e-05,2.1597700850810906e-06,1.426239111647573e-08,0.05,0.001828,0.009419212941440758
64,0.007,0.007,0.007,4.073022937530838e-13,4.775102061269958e-09,1.1811774794645918e-05,0.05,0.001828,0.009419212941440758
63,0.007,0.007,0.007,0.0018184278983986925,2.9668677040601774e-09,6.423064115071772e-06,0.05,0.001828,0.009419212941440758
66,0.007,0.007,0.007,3.9573093862940205e-06,1.0317581471668238e-07,9.63735033813182e-07,0.05,0.001828,0.009419212941440758
67,0.007,0.007,0.007,0.0012808370369461054,4.3371763258482255e-08,1.3311476697147343e-08,0.05,0.001828,0.009419212941440758
68,0.007,0.007,0.007,0.00011905239623951139,5.431792911154457e-10,1.4213446830074965e-09,0.05,0.001828,0.009419212941440758
69,0.007,0.007,0.007,2.174235008222887e-08,1.0683657482775143e-12,7.905918072839123e-05,0.05,0.001828,0.009419212941440758
70,0.007,0.007,0.007,5.4075336887572465e-05,3.817266230236042e-06,1.620638889538341e-08,0.05,0.001828,0.009419212941440758
71,0.007,0.007,0.007,6.403808125110405e-07,4.006327362439778e-08,7.384258020201168e-05,0.05,0.001828,0.009419212941440758
75,0.007,0.007,0.007,4.863921775257594e-06,6.027669073086157e-09,7.075550218539548e-09,0.05,0.001828,0.009419212941440758
72,0.007,0.007,0.007,4.447226699362742e-06,5.731139673949384e-08,7.138958363374893e-08,0.05,0.001828,0.009419212941440758
73,0.007,0.007,0.007,4.327608560638967e-06,3.9828228844910144e-14,0.0030681334803646307,0.05,0.001828,0.009419212941440758
74,0.007,0.007,0.007,3.3570280108602415e-05,2.2929023794700093e-09,4.2658754250510953e-10,0.05,0.001828,0.009419212941440758
76,0.007,0.007,0.007,6.721609788139361e-05,2.2463262816927506e-07,3.3608846279451606e-06,0.05,0.001828,0.009419212941440758
77,0.007,0.007,0.007,2.7930344782779257e-09,6.78444174009315e-08,2.125637141751785e-05,0.05,0.001828,0.009419212941440758
78,0.007,0.007,0.007,1.5022878271852586e-06,8.136200123981464e-12,0.0015839134234123893,0.05,0.001828,0.009419212941440758
79,0.007,0.007,0.007,0.00012398695089054995,8.576668453147952e-10,6.401576434588302e-09,0.05,0.001828,0.009419212941440758
80,0.007,0.007,0.007,6.958303773850591e-05,1.3471546089791805e-07,7.60468356030712e-11,0.05,0.001828,0.009419212941440758
82,0.007,0.007,0.007,1.9799004969072606e-05,7.977097787747894e-08,6.335792628660604e-06,0.05,0.001828,0.009419212941440758
81,0.007,0.007,0.007,0.00046178111983615226,1.8984175870477004e-10,0.0005071190469487096,0.05,0.001828,0.009419212941440758
83,0.007,0.007,0.007,5.686159097688578e-05,1.4766081181752401e-08,2.3123616685471695e-08,0.05,0.001828,0.009419212941440758
84,0.007,0.007,0.007,0.0013517286997949533,2.6320149576621916e-09,1.4985344051844936e-06,0.05,0.001828,0.009419212941440758
86,0.007,0.007,0.007,2.64375412929735e-07,4.2493452368826136e-14,0.0010224600582654708,0.05,0.001828,0.009419212941440758
85,0.007,0.007,0.007,7.781571902275654e-07,9.696682459371065e-12,0.0006504786546030792,0.05,0.001828,0.009419212941440758
87,0.007,0.007,0.007,8.320058165215687e-08,2.1977007304577916e-10,3.561413876559036e-06,0.05,0.001828,0.009419212941440758
88,0.007,0.007,0.007,0.00012677340580236735,1.0255768582270737e-07,2.0059124133527674e-06,0.05,0.001828,0.009419212941440758
89,0.007,0.007,0.007,1.948894869100658e-09,1.5924077913760085e-06,5.060428975376532e-06,0.05,0.001828,0.009419212941440758
90,0.007,0.007,0.007,7.90651041949957e-07,6.513490607505158e-15,3.687307946331893e-05,0.05,0.001828,0.009419212941440758
91,0.007,0.007,0.007,1.9900148401343509e-07,6.51909767528476e-13,9.159368442687797e-05,0.05,0.001828,0.009419212941440758
92,0.007,0.007,0.007,2.815792362865714e-07,4.3368115602432145e-07,5.968660770399491e-07,0.05,0.001828,0.009419212941440758
51,0.007,0.007,0.007,3.470416948614664e-05,5.35885284439174e-06,5.392791264987383e-09,0.05,0.001828,0.009419212941440758
94,0.007,0.007,0.007,1.5537041680944493e-07,4.5385901328190294e-10,0.00042797501488744483,0.05,0.001828,0.009419212941440758
93,0.007,0.007,0.007,5.906630232495937e-05,4.516268531762478e-09,3.7856945521772333e-06,0.05,0.001828,0.009419212941440758
95,0.007,0.007,0.007,1.896212230201519e-09,7.179361939339658e-13,0.00040093438722220914,0.05,0.001828,0.009419212941440758
96,0.007,0.007,0.007,7.460879745076282e-07,1.6809475484915292e-08,7.193035878480004e-07,0.05,0.001828,0.009419212941440758
97,0.007,0.007,0.007,6.0051103467323446e-05,1.9936981404365517e-11,3.346948386326035e-08,0.05,0.001828,0.009419212941440758
98,0.007,0.007,0.007,3.983012440805484e-07,1.673266118226893e-14,0.001052402677790326,0.05,0.001828,0.009419212941440758
0,0.008,0.008,0.008,2.5093832495678346e-09,3.334837845217857e-09,6.341556577265783e-07,0.05,0.001828,0.009419212941440758
1,0.008,0.008,0.008,1.0744695112766203e-08,3.904150994979042e-11,8.949156304685336e-09,0.05,0.001828,0.009419212941440758
99,0.007,0.007,0.007,6.495258493373989e-06,7.954771204575289e-09,0.00012690097371909976,0.05,0.001828,0.009419212941440758
2,0.008,0.008,0.008,4.789006003702289e-07,3.886794171974692e-12,2.7008675526501097e-07,0.05,0.001828,0.009419212941440758
4,0.008,0.008,0.008,1.3177308373708468e-08,1.4533716391515555e-10,1.717052013179289e-05,0.05,0.001828,0.009419212941440758
3,0.008,0.008,0.008,0.0001699471436176295,9.629192172811238e-11,1.94516623189896e-06,0.05,0.001828,0.009419212941440758
5,0.008,0.008,0.008,6.009290034528942e-11,4.895914522574246e-18,0.00026330590993334333,0.05,0.001828,0.009419212941440758
7,0.008,0.008,0.008,3.1323272763874156e-09,3.993628012785112e-10,8.988949961792639e-07,0.05,0.001828,0.009419212941440758
8,0.008,0.008,0.008,2.8748822191629095e-08,1.213340911836232e-12,9.491328802803619e-05,0.05,0.001828,0.009419212941440758
13,0.008,0.008,0.008,2.992935426208524e-07,6.797566738935764e-09,3.212329616092632e-07,0.05,0.001828,0.009419212941440758
9,0.008,0.008,0.008,1.7617221127068252e-09,9.834460372816177e-12,2.9605986474439484e-05,0.05,0.001828,0.009419212941440758
10,0.008,0.008,0.008,8.72923473382214e-12,3.203475530304361e-07,8.182488292923661e-11,0.05,0.001828,0.009419212941440758
11,0.008,0.008,0.008,5.1989013488493785e-08,5.118418763743084e-14,9.750625144092679e-07,0.05,0.001828,0.009419212941440758
12,0.008,0.008,0.008,6.647121718922583e-08,6.609198174905309e-08,5.60578762804056e-10,0.05,0.001828,0.009419212941440758
15,0.008,0.008,0.008,1.0280005828345787e-09,1.7275840925372174e-13,5.431272195834471e-05,0.05,0.001828,0.009419212941440758
14,0.008,0.008,0.008,5.4792976049958714e-06,1.108096243224375e-09,3.3418045387398404e-10,0.05,0.001828,0.009419212941440758
16,0.008,0.008,0.008,4.679483314867476e-10,2.1689611335970012e-16,2.7358405141152975e-05,0.05,0.001828,0.009419212941440758
18,0.008,0.008,0.008,0.00011880881481842472,3.250413210164772e-16,3.17851188431736e-07,0.05,0.001828,0.009419212941440758
17,0.008,0.008,0.008,2.4207211604304e-06,3.928905087249506e-15,3.7272456709110355e-05,0.05,0.001828,0.009419212941440758
19,0.008,0.008,0.008,0.00045335988244436717,2.0014466312531922e-14,9.969417130361804e-08,0.05,0.001828,0.009419212941440758
20,0.008,0.008,0.008,6.13885657284536e-07,2.870260193087084e-14,3.396840106715334e-06,0.05,0.001828,0.009419212941440758
22,0.008,0.008,0.008,7.061812958868068e-07,7.76180506474999e-21,0.00021815576879434043,0.05,0.001828,0.009419212941440758
21,0.008,0.008,0.008,0.0008742737321349253,1.680797011199462e-14,9.802598434802265e-07,0.05,0.001828,0.009419212941440758
24,0.008,0.008,0.008,1.7624464291137416e-05,2.2377086022243167e-11,5.253890628664073e-10,0.05,0.001828,0.009419212941440758
23,0.008,0.008,0.008,1.7556558727207806e-08,1.4887651691736291e-08,6.771050775130648e-11,0.05,0.001828,0.009419212941440758
25,0.008,0.008,0.008,5.4411326791112535e-06,1.9256979794790184e-13,1.152508980824544e-05,0.05,0.001828,0.009419212941440758
28,0.008,0.008,0.008,6.158830918514464e-09,6.031300279507907e-13,2.5523132901882156e-06,0.05,0.001828,0.009419212941440758
26,0.008,0.008,0.008,1.9499645168488207e-07,7.735210297633952e-11,2.3329947621644925e-07,0.05,0.001828,0.009419212941440758
27,0.008,0.008,0.008,2.942627215915404e-06,2.7828651853190023e-11,6.038718309676029e-10,0.05,0.001828,0.009419212941440758
30,0.008,0.008,0.008,5.680479778391642e-06,9.880311983567235e-10,6.6331845331629e-09,0.05,0.001828,0.009419212941440758
31,0.008,0.008,0.008,2.1714174706281237e-10,3.7421394839964995e-14,6.233222728972061e-05,0.05,0.001828,0.009419212941440758
29,0.008,0.008,0.008,2.544452261683814e-07,2.8153985472124595e-08,5.56747104140162e-08,0.05,0.001828,0.009419212941440758
32,0.008,0.008,0.008,4.29568992413564e-05,5.56515557914662e-11,5.892775686130697e-06,0.05,0.001828,0.009419212941440758
33,0.008,0.008,0.008,1.5736154013461824e-09,9.117552694950763e-11,1.4925286166099975e-07,0.05,0.001828,0.009419212941440758
34,0.008,0.008,0.008,6.501342830333124e-08,1.1851322801655686e-10,1.2522560749381445e-07,0.05,0.001828,0.009419212941440758
37,0.008,0.008,0.008,9.133350246596709e-08,1.880957034760894e-08,2.2633546554450786e-12,0.05,0.001828,0.009419212941440758
35,0.008,0.008,0.008,1.6966194360312855e-07,2.6691775323267505e-13,5.6867453734660415e-05,0.05,0.001828,0.009419212941440758
36,0.008,0.008,0.008,8.90716697717935e-10,8.708572396526876e-15,0.0007257741521276541,0.05,0.001828,0.009419212941440758
38,0.008,0.008,0.008,1.74597528784505e-05,7.1351576301232484e-12,1.054523565272656e-06,0.05,0.001828,0.009419212941440758
40,0.008,0.008,0.008,8.007067652903914e-06,4.08788823964322e-10,8.648674729467812e-09,0.05,0.001828,0.009419212941440758
41,0.008,0.008,0.008,3.2165148065637795e-07,4.01338336784722e-16,2.315970426681194e-09,0.05,0.001828,0.009419212941440758
42,0.008,0.008,0.008,1.5626125524966216e-08,1.073020058351068e-12,4.723817188668656e-08,0.05,0.001828,0.009419212941440758
39,0.008,0.008,0.008,1.4401207265784986e-07,5.882365111496155e-10,7.70143207541731e-07,0.05,0.001828,0.009419212941440758
43,0.008,0.008,0.008,2.3276069681238078e-08,1.1857003130209398e-14,2.1155755215248828e-06,0.05,0.001828,0.009419212941440758
45,0.008,0.008,0.008,6.040533387413009e-07,9.737492616160533e-12,1.3056761278288772e-05,0.05,0.001828,0.009419212941440758
44,0.008,0.008,0.008,0.0015414005447717848,1.9709030978530662e-10,4.209343519527148e-08,0.05,0.001828,0.009419212941440758
46,0.008,0.008,0.008,2.158543987415056e-08,2.1654457210665838e-13,0.00016284096693465174,0.05,0.001828,0.009419212941440758
48,0.008,0.008,0.008,9.161521223886851e-07,1.6545507665269324e-11,1.786725001293914e-07,0.05,0.001828,0.009419212941440758
50,0.008,0.008,0.008,1.3459789211410844e-11,2.0598237485109837e-08,7.012770356219766e-08,0.05,0.001828,0.009419212941440758
47,0.008,0.008,0.008,3.365417842012507e-07,2.22521396557747e-11,4.7464260595814026e-07,0.05,0.001828,0.009419212941440758
49,0.008,0.008,0.008,1.273671745295316e-10,1.4464536042182444e-11,5.448721223492585e-05,0.05,0.001828,0.009419212941440758
51,0.008,0.008,0.008,6.519241452374562e-06,2.5598957825531453e-11,7.252103050318277e-06,0.05,0.001828,0.009419212941440758
53,0.008,0.008,0.008,9.304414961085152e-07,2.413536866199409e-09,1.4526434421193335e-08,0.05,0.001828,0.009419212941440758
6,0.008,0.008,0.008,0.00026197918841903175,1.8205003560929587e-14,2.1526331423672136e-08,0.05,0.001828,0.009419212941440758
52,0.008,0.008,0.008,0.0001156534488324255,1.2382480809029082e-09,0.00018491346212570598,0.05,0.001828,0.009419212941440758
54,0.008,0.008,0.008,3.0446344952411104e-06,4.104626251325201e-12,5.117122395283125e-09,0.05,0.001828,0.009419212941440758
55,0.008,0.008,0.008,2.341551527511762e-07,8.591276879542527e-13,9.051293728250766e-09,0.05,0.001828,0.009419212941440758
56,0.008,0.008,0.008,5.4266149039123514e-08,4.2711718164139486e-13,5.605448146039687e-09,0.05,0.001828,0.009419212941440758
57,0.008,0.008,0.008,2.1583600331713697e-06,6.3815213785014944e-18,2.8888689303710968e-05,0.05,0.001828,0.009419212941440758
58,0.008,0.008,0.008,7.590209693496463e-08,1.5522552254084195e-07,8.723056590244067e-12,0.05,0.001828,0.009419212941440758
60,0.008,0.008,0.008,1.1874181388128189e-08,3.6814979590486023e-09,1.0040423058680406e-08,0.05,0.001828,0.009419212941440758
59,0.008,0.008,0.008,5.375453886373533e-10,4.998782774894055e-10,1.698343507247421e-06,0.05,0.001828,0.009419212941440758
61,0.008,0.008,0.008,4.8976761257994704e-08,2.4460075445331667e-07,9.293626582783137e-11,0.05,0.001828,0.009419212941440758
63,0.008,0.008,0.008,4.888692032645921e-08,7.958406658313419e-10,4.571040701992964e-08,0.05,0.001828,0.009419212941440758
62,0.008,0.008,0.008,3.7500883498732926e-10,1.7901380033699745e-09,3.4972087011109564e-07,0.05,0.001828,0.009419212941440758
64,0.008,0.008,0.008,6.94569241833873e-08,1.5395004862098224e-11,1.5900771733267745e-05,0.05,0.001828,0.009419212941440758
65,0.008,0.008,0.008,1.0834788475439967e-08,2.5021940906874463e-08,1.6536255666131438e-07,0.05,0.001828,0.009419212941440758
68,0.008,0.008,0.008,1.474600900292545e-06,9.390260914924799e-10,2.674779583623961e-06,0.05,0.001828,0.009419212941440758
67,0.008,0.008,0.008,4.029917917044122e-09,2.675223323325347e-13,1.0730822186414261e-05,0.05,0.001828,0.009419212941440758
66,0.008,0.008,0.008,9.263073133427032e-05,1.2389964784263174e-10,3.264787096459474e-08,0.05,0.001828,0.009419212941440758
70,0.008,0.008,0.008,1.3296907071019683e-05,2.985716116284065e-14,9.876499878390897e-07,0.05,0.001828,0.009419212941440758
69,0.008,0.008,0.008,9.54771154712004e-10,4.130545816082951e-11,1.5503141492637394e-07,0.05,0.001828,0.009419212941440758
73,0.008,0.008,0.008,3.3606952048128035e-10,6.718902158656867e-16,0.001034060361138678,0.05,0.001828,0.009419212941440758
71,0.008,0.008,0.008,1.6606549001879577e-07,1.3894846905991142e-13,9.655552104981144e-09,0.05,0.001828,0.009419212941440758
72,0.008,0.008,0.008,3.323514122808778e-06,7.752800098964226e-12,1.1350926386453225e-07,0.05,0.001828,0.009419212941440758
74,0.008,0.008,0.008,2.6414011891943706e-10,2.494314481888113e-12,4.909553449105223e-06,0.05,0.001828,0.009419212941440758
75,0.008,0.008,0.008,3.393264289109928e-05,3.043789107594171e-12,7.83223779880687e-09,0.05,0.001828,0.009419212941440758
76,0.008,0.008,0.008,8.113554518866304e-06,3.715485579546386e-10,4.17057458256293e-11,0.05,0.001828,0.009419212941440758
77,0.008,0.008,0.008,1.9829216454388986e-07,4.6163646645051584e-10,4.595850594395746e-08,0.05,0.001828,0.009419212941440758
78,0.008,0.008,0.008,1.9225335344576204e-05,1.1803905144725922e-11,1.0055367087240615e-09,0.05,0.001828,0.009419212941440758
79,0.008,0.008,0.008,2.291131531541188e-12,6.570590101046624e-16,0.00018961780539836738,0.05,0.001828,0.009419212941440758
80,0.008,0.008,0.008,4.918409013797447e-06,5.595337773085391e-13,1.196502554204965e-08,0.05,0.001828,0.009419212941440758
81,0.008,0.008,0.008,2.0411283437608266e-07,4.853799179609512e-08,2.7347318991943785e-09,0.05,0.001828,0.009419212941440758
83,0.008,0.008,0.008,2.2449720912652628e-07,2.629976742786361e-14,1.240942678189436e-08,0.05,0.001828,0.009419212941440758
82,0.008,0.008,0.008,4.852105018035135e-07,6.9451767079203135e-09,2.7850329542908566e-07,0.05,0.001828,0.009419212941440758
84,0.008,0.008,0.008,1.8415255645135451e-06,1.3054588593599491e-14,4.614280769545247e-07,0.05,0.001828,0.009419212941440758
87,0.008,0.008,0.008,8.721087262945887e-07,1.642363027587656e-09,1.9869517479107273e-08,0.05,0.001828,0.009419212941440758
86,0.008,0.008,0.008,1.4189314446748095e-11,2.2029588328355724e-10,0.0001238357425570385,0.05,0.001828,0.009419212941440758
85,0.008,0.008,0.008,1.776899903441687e-07,4.144987168480667e-10,0.00015027600379632124,0.05,0.001828,0.009419212941440758
88,0.008,0.008,0.008,7.643115321969604e-08,6.588112026287809e-11,6.159298937311909e-05,0.05,0.001828,0.009419212941440758
90,0.008,0.008,0.008,1.2298556929474416e-07,4.219273044356612e-10,4.556368186830719e-05,0.05,0.001828,0.009419212941440758
89,0.008,0.008,0.008,2.2201193830044706e-07,9.581960387666558e-15,4.988508458961074e-06,0.05,0.001828,0.009419212941440758
91,0.008,0.008,0.008,8.030826481647336e-06,8.902851185233992e-12,1.9625242322980945e-08,0.05,0.001828,0.009419212941440758
93,0.008,0.008,0.008,1.714889198382981e-07,1.4630892593542854e-19,0.001106317106915804,0.05,0.001828,0.009419212941440758
94,0.008,0.008,0.008,2.6366342926498277e-09,7.284891486233779e-13,9.046305581986077e-07,0.05,0.001828,0.009419212941440758
96,0.008,0.008,0.008,1.1429138378594268e-07,1.708024897234088e-11,1.306112581219564e-05,0.05,0.001828,0.009419212941440758
95,0.008,0.008,0.008,8.327227077095806e-05,1.0335261476157384e-08,1.8251795084281107e-11,0.05,0.001828,0.009419212941440758
98,0.008,0.008,0.008,9.636693313147756e-11,5.472302763869156e-13,1.5634217931973662e-05,0.05,0.001828,0.009419212941440758
99,0.008,0.008,0.008,1.5175749733308723e-09,6.2650651190464854e-18,0.009764442852838487,0.05,0.001828,0.009419212941440758
97,0.008,0.008,0.008,8.189704743899372e-07,1.7315959542381885e-17,0.0002966246924193941,0.05,0.001828,0.009419212941440758
92,0.008,0.008,0.008,1.8929030747016938e-07,4.016670060951941e-10,1.3452855784523127e-06,0.05,0.001828,0.009419212941440758
