random_state,beta_T,beta_P,beta_TP,p_value_T,p_value_P,p_value_TP,alpha,var_intercept,var_residual
1,0.005,0.005,0.005,0.45535165288197976,0.06940782854718255,0.755194454190919,0.05,0.0022911463145767613,0.012392493861011449
2,0.005,0.005,0.005,0.23041232186136218,0.016466428970802922,0.5261431329658384,0.05,0.0022911463145767613,0.012392493861011449
0,0.005,0.005,0.005,0.2510085309739132,0.17831512393350457,0.6278103295791146,0.05,0.0022911463145767613,0.012392493861011449
9,0.005,0.005,0.005,0.4490269420062962,0.08924349300995069,0.4693689263541181,0.05,0.0022911463145767613,0.012392493861011449
4,0.005,0.005,0.005,0.15309640097143745,0.029647120201487395,0.5131510566707389,0.05,0.0022911463145767613,0.012392493861011449
5,0.005,0.005,0.005,0.4975928513892719,0.19151760533496343,0.50834972388698,0.05,0.0022911463145767613,0.012392493861011449
6,0.005,0.005,0.005,0.10795923160515797,0.012573049457550372,0.8348167049039181,0.05,0.0022911463145767613,0.012392493861011449
7,0.005,0.005,0.005,0.4921436111331382,0.4877024984951598,0.08583255039989074,0.05,0.0022911463145767613,0.012392493861011449
3,0.005,0.005,0.005,0.6681506369388948,0.25166819953596986,0.22063268788355117,0.05,0.0022911463145767613,0.012392493861011449
8,0.005,0.005,0.005,0.16115967073089754,0.12131183308665922,0.5787945572618929,0.05,0.0022911463145767613,0.012392493861011449
11,0.005,0.005,0.005,0.8996950668873342,0.5588275271619706,0.440175248465804,0.05,0.0022911463145767613,0.012392493861011449
10,0.005,0.005,0.005,0.4097488889583609,0.022115724751205913,0.9985090883371656,0.05,0.0022911463145767613,0.012392493861011449
14,0.005,0.005,0.005,0.2783362988678064,0.12851837224556203,0.6142014328117504,0.05,0.0022911463145767613,0.012392493861011449
17,0.005,0.005,0.005,0.4676331225758513,0.11027220628689714,0.9950101431018891,0.05,0.0022911463145767613,0.012392493861011449
12,0.005,0.005,0.005,0.3862769150149086,0.06015213515958137,0.774638770092701,0.05,0.0022911463145767613,0.012392493861011449
13,0.005,0.005,0.005,0.7497064018947521,0.19563815457261458,0.9804908407630195,0.05,0.0022911463145767613,0.012392493861011449
15,0.005,0.005,0.005,0.15048130663709164,0.07876139485690978,0.481988726688343,0.05,0.0022911463145767613,0.012392493861011449
19,0.005,0.005,0.005,0.26527929830226615,0.013869218915423441,0.5965693533333594,0.05,0.0022911463145767613,0.012392493861011449
16,0.005,0.005,0.005,0.9466430229835913,0.5050718234036342,0.5167802635044154,0.05,0.0022911463145767613,0.012392493861011449
18,0.005,0.005,0.005,0.18649187541153445,0.367720706709887,0.8534260939200937,0.05,0.0022911463145767613,0.012392493861011449
22,0.005,0.005,0.005,0.06743201396206686,0.0002080261886982877,0.6048756827541074,0.05,0.0022911463145767613,0.012392493861011449
20,0.005,0.005,0.005,0.02481239649527538,0.0007709354269029341,0.2924404171408459,0.05,0.0022911463145767613,0.012392493861011449
27,0.005,0.005,0.005,0.05253637139082031,0.00039501106367612374,0.466122765989632,0.05,0.0022911463145767613,0.012392493861011449
26,0.005,0.005,0.005,0.002926902169598162,0.0006866733154055753,0.28999550210547387,0.05,0.0022911463145767613,0.012392493861011449
24,0.005,0.005,0.005,0.017002642497838064,6.601825005096506e-05,0.029840374981070988,0.05,0.0022911463145767613,0.012392493861011449
28,0.005,0.005,0.005,0.012421868008282346,0.0009887834617885905,0.3055589570678994,0.05,0.0022911463145767613,0.012392493861011449
21,0.005,0.005,0.005,0.01168287983274531,7.323756829574491e-05,0.1812876408005336,0.05,0.0022911463145767613,0.012392493861011449
23,0.005,0.005,0.005,0.007450263592469574,0.0025198248775550962,0.5118650603415953,0.05,0.0022911463145767613,0.012392493861011449
25,0.005,0.005,0.005,0.09997467623740157,0.00022952753051569278,0.49452694261758423,0.05,0.0022911463145767613,0.012392493861011449
29,0.005,0.005,0.005,0.03829950860793397,0.012458858163992434,0.7573850776114053,0.05,0.0022911463145767613,0.012392493861011449
30,0.005,0.005,0.005,0.2814385650475829,0.05978861397442677,0.9778850258148523,0.05,0.0022911463145767613,0.012392493861011449
33,0.005,0.005,0.005,0.6006821748246343,0.27965121291559336,0.18771008585447313,0.05,0.0022911463145767613,0.012392493861011449
32,0.005,0.005,0.005,0.0049258554906295784,0.09492759168527928,0.7231734893674722,0.05,0.0022911463145767613,0.012392493861011449
35,0.005,0.005,0.005,0.14282161882123304,0.15622424696688705,0.8927659737701527,0.05,0.0022911463145767613,0.012392493861011449
38,0.005,0.005,0.005,0.76631082274211,0.3726190730151828,0.22088812242417466,0.05,0.0022911463145767613,0.012392493861011449
37,0.005,0.005,0.005,0.04270611710563764,0.13679839714606565,0.7242771703505748,0.05,0.0022911463145767613,0.012392493861011449
34,0.005,0.005,0.005,0.13447910173777375,0.23748572074609386,0.7529308287113848,0.05,0.0022911463145767613,0.012392493861011449
36,0.005,0.005,0.005,0.1195621687079293,0.06685638851372024,0.4329464504215377,0.05,0.0022911463145767613,0.012392493861011449
39,0.005,0.005,0.005,0.6315584564267105,0.22244422053858315,0.1924680869666422,0.05,0.0022911463145767613,0.012392493861011449
31,0.005,0.005,0.005,0.119303418584998,0.07643052802955894,0.470183297178025,0.05,0.0022911463145767613,0.012392493861011449
42,0.005,0.005,0.005,0.02165153971659808,0.3701312524597945,0.2533617111100418,0.05,0.0022911463145767613,0.012392493861011449
40,0.005,0.005,0.005,0.00812364235314437,0.07051408453634997,0.03901219186477571,0.05,0.0022911463145767613,0.012392493861011449
45,0.005,0.005,0.005,0.2120262407093787,0.4264187862076604,0.8307834121314152,0.05,0.0022911463145767613,0.012392493861011449
41,0.005,0.005,0.005,0.14776758876695348,0.3737803485942851,0.4362795252981372,0.05,0.0022911463145767613,0.012392493861011449
44,0.005,0.005,0.005,0.02770469393695157,0.29949365212746115,0.5278462463508804,0.05,0.0022911463145767613,0.012392493861011449
48,0.005,0.005,0.005,0.27960505237289,0.15663051974799808,0.9267710215330516,0.05,0.0022911463145767613,0.012392493861011449
47,0.005,0.005,0.005,0.00961062027318783,0.005051133280716458,0.14226285666708727,0.05,0.0022911463145767613,0.012392493861011449
43,0.005,0.005,0.005,0.5614684188262065,0.14424710732983423,0.8255551416567117,0.05,0.0022911463145767613,0.012392493861011449
46,0.005,0.005,0.005,0.04998585199717951,0.06038412285464156,0.28624471324948686,0.05,0.0022911463145767613,0.012392493861011449
49,0.005,0.005,0.005,0.1740017384628546,0.23387185896568286,0.6360438309413907,0.05,0.0022911463145767613,0.012392493861011449
52,0.005,0.005,0.005,0.06678359978856463,0.05262261795872297,0.15711712955077706,0.05,0.0022911463145767613,0.012392493861011449
53,0.005,0.005,0.005,0.009433581594646,0.14688838774833393,0.7752203476160165,0.05,0.0022911463145767613,0.012392493861011449
50,0.005,0.005,0.005,0.01696586628632215,0.1418717177348316,0.32075322406296436,0.05,0.0022911463145767613,0.012392493861011449
59,0.005,0.005,0.005,0.04229411161174184,0.12193782114139971,0.18827335817559698,0.05,0.0022911463145767613,0.012392493861011449
56,0.005,0.005,0.005,0.11251042983864928,0.14706600745713944,0.21244471052058667,0.05,0.0022911463145767613,0.012392493861011449
54,0.005,0.005,0.005,0.0842957663253009,0.123508180803059,0.39612790536824094,0.05,0.0022911463145767613,0.012392493861011449
55,0.005,0.005,0.005,0.01793503318416858,0.19670213347529442,0.45267310655040305,0.05,0.0022911463145767613,0.012392493861011449
51,0.005,0.005,0.005,0.008986403448747661,0.022790152696712657,0.9286496563969932,0.05,0.0022911463145767613,0.012392493861011449
57,0.005,0.005,0.005,0.03212819859316821,0.11467074338355018,0.5440948432035626,0.05,0.0022911463145767613,0.012392493861011449
58,0.005,0.005,0.005,0.008798578680045754,0.4549640792468609,0.34448555228364774,0.05,0.0022911463145767613,0.012392493861011449
60,0.005,0.005,0.005,0.058086633427128276,0.9692139869694532,0.13327460189968027,0.05,0.0022911463145767613,0.012392493861011449
65,0.005,0.005,0.005,0.13898294759118507,0.8236769874300335,0.36475706840733346,0.05,0.0022911463145767613,0.012392493861011449
64,0.005,0.005,0.005,0.26753962009327015,0.9837258153664769,0.36560898778142226,0.05,0.0022911463145767613,0.012392493861011449
63,0.005,0.005,0.005,0.04642898153041515,0.4878396121647124,0.49058842871478725,0.05,0.0022911463145767613,0.012392493861011449
67,0.005,0.005,0.005,0.19901277857070054,0.824116688839108,0.23237998836168816,0.05,0.0022911463145767613,0.012392493861011449
62,0.005,0.005,0.005,0.18890858510659192,0.955990189734718,0.29035507425085216,0.05,0.0022911463145767613,0.012392493861011449
61,0.005,0.005,0.005,0.5214539714228772,0.768601352299439,0.2340657550418499,0.05,0.0022911463145767613,0.012392493861011449
68,0.005,0.005,0.005,0.28623403474730647,0.656084510220265,0.12019668387904178,0.05,0.0022911463145767613,0.012392493861011449
66,0.005,0.005,0.005,0.18008090985006586,0.7775444610406339,0.2916506878591979,0.05,0.0022911463145767613,0.012392493861011449
69,0.005,0.005,0.005,0.09517533726553667,0.481627926122396,0.29884399734250167,0.05,0.0022911463145767613,0.012392493861011449
71,0.005,0.005,0.005,0.10126498054564922,0.02369723802652881,0.6681438133029582,0.05,0.0022911463145767613,0.012392493861011449
70,0.005,0.005,0.005,0.1745757020296015,0.14863214068614397,0.5044040676818746,0.05,0.0022911463145767613,0.012392493861011449
72,0.005,0.005,0.005,0.019199149880560516,0.008086620636878256,0.43647033904947397,0.05,0.0022911463145767613,0.012392493861011449
73,0.005,0.005,0.005,0.08123291102649619,0.03189936900073305,0.3812571865851786,0.05,0.0022911463145767613,0.012392493861011449
75,0.005,0.005,0.005,0.2613291762860469,0.11242307085560253,0.6263665411789734,0.05,0.0022911463145767613,0.012392493861011449
76,0.005,0.005,0.005,0.20308262911292152,0.062260791473914466,0.8716727169543494,0.05,0.0022911463145767613,0.012392493861011449
78,0.005,0.005,0.005,0.01943100942232546,0.016417236100562792,0.7196499094249265,0.05,0.0022911463145767613,0.012392493861011449
77,0.005,0.005,0.005,0.048126020558534315,0.09876086540090408,0.6882316568603177,0.05,0.0022911463145767613,0.012392493861011449
74,0.005,0.005,0.005,0.07363851659870259,0.002080430215337513,0.6025329238461021,0.05,0.0022911463145767613,0.012392493861011449
79,0.005,0.005,0.005,0.09133259357564252,0.022173704457622928,0.8877002005810857,0.05,0.0022911463145767613,0.012392493861011449
82,0.005,0.005,0.005,0.02218758404460721,0.028796976127361016,0.7889459887594047,0.05,0.0022911463145767613,0.012392493861011449
80,0.005,0.005,0.005,0.033470418201343576,0.024606475694801868,0.874830094631937,0.05,0.0022911463145767613,0.012392493861011449
81,0.005,0.005,0.005,0.08120750633784375,0.015850060639848697,0.8807889740021858,0.05,0.0022911463145767613,0.012392493861011449
83,0.005,0.005,0.005,0.30840292858176355,0.016108652275284692,0.15256994891552986,0.05,0.0022911463145767613,0.012392493861011449
84,0.005,0.005,0.005,0.20726815181607627,0.44242427003464646,0.16517600778259212,0.05,0.0022911463145767613,0.012392493861011449
87,0.005,0.005,0.005,0.01504334507496135,0.016931143303923604,0.8428712103352293,0.05,0.0022911463145767613,0.012392493861011449
85,0.005,0.005,0.005,0.4169349940506719,0.017211441230539727,0.38538745242792727,0.05,0.0022911463145767613,0.012392493861011449
86,0.005,0.005,0.005,0.016663881569918725,0.04790286262714238,0.8841309213227615,0.05,0.0022911463145767613,0.012392493861011449
88,0.005,0.005,0.005,0.2979165725584396,0.05473166592659605,0.101736586847334,0.05,0.0022911463145767613,0.012392493861011449
89,0.005,0.005,0.005,0.15364916615501734,0.10090861355044085,0.4509890872914566,0.05,0.0022911463145767613,0.012392493861011449
90,0.005,0.005,0.005,0.00904748292097886,0.44626005004272495,0.31929183622840307,0.05,0.0022911463145767613,0.012392493861011449
91,0.005,0.005,0.005,0.0012704678266395163,0.6443478689266302,0.488276404672754,0.05,0.0022911463145767613,0.012392493861011449
92,0.005,0.005,0.005,0.00015674494325789668,0.7100797131604271,0.813719979842285,0.05,0.0022911463145767613,0.012392493861011449
94,0.005,0.005,0.005,0.11457246367425802,0.7729935606817189,0.10022984192354682,0.05,0.0022911463145767613,0.012392493861011449
93,0.005,0.005,0.005,0.00044850603669952633,0.33672903571772794,0.35122276660733975,0.05,0.0022911463145767613,0.012392493861011449
97,0.005,0.005,0.005,0.000206205487700529,0.3826167886055454,0.9606336217630488,0.05,0.0022911463145767613,0.012392493861011449
96,0.005,0.005,0.005,0.0016040919289841227,0.5392581051102276,0.240786079663716,0.05,0.0022911463145767613,0.012392493861011449
95,0.005,0.005,0.005,0.005078570375407744,0.29701286774142655,0.16674342065886805,0.05,0.0022911463145767613,0.012392493861011449
99,0.005,0.005,0.005,0.00018274055371161936,0.2815225558384272,0.9549001376840225,0.05,0.0022911463145767613,0.012392493861011449
98,0.005,0.005,0.005,0.004310560149944352,0.5479118250083115,0.586910419754485,0.05,0.0022911463145767613,0.012392493861011449
0,0.01,0.01,0.01,0.7395940614130637,0.001392717627004631,0.02841184940021746,0.05,0.0022911463145767613,0.012392493861011449
2,0.01,0.01,0.01,0.3785935741874994,8.396932334056799e-05,0.06314035167706074,0.05,0.0022911463145767613,0.012392493861011449
3,0.01,0.01,0.01,0.5387051787302595,0.0004036114796244648,0.054168225791364814,0.05,0.0022911463145767613,0.012392493861011449
1,0.01,0.01,0.01,0.5235928443018335,0.0004738276380418048,0.04364625621371475,0.05,0.0022911463145767613,0.012392493861011449
4,0.01,0.01,0.01,0.780782011513387,0.007378529709810205,0.01765139187742138,0.05,0.0022911463145767613,0.012392493861011449
6,0.01,0.01,0.01,0.9687134097909976,0.00027086421304567697,0.17004428018148332,0.05,0.0022911463145767613,0.012392493861011449
5,0.01,0.01,0.01,0.20192266258128344,0.00042021542120247436,0.2447149751957105,0.05,0.0022911463145767613,0.012392493861011449
8,0.01,0.01,0.01,0.413475708568701,0.0007109807257851905,0.08099408001319008,0.05,0.0022911463145767613,0.012392493861011449
7,0.01,0.01,0.01,0.3362400275776256,7.496414545182521e-05,0.08893387654851856,0.05,0.0022911463145767613,0.012392493861011449
9,0.01,0.01,0.01,0.3637668697969596,0.00022758559280703126,0.08441956497929627,0.05,0.0022911463145767613,0.012392493861011449
13,0.01,0.01,0.01,0.02071161670887505,0.18328863504649928,0.09180291588376056,0.05,0.0022911463145767613,0.012392493861011449
11,0.01,0.01,0.01,0.034650201076397276,0.017531123436711888,0.11839468517881162,0.05,0.0022911463145767613,0.012392493861011449
10,0.01,0.01,0.01,0.007137185933458407,0.1820606646936298,0.05423883999598337,0.05,0.0022911463145767613,0.012392493861011449
12,0.01,0.01,0.01,0.0020526343625119603,0.3425189596973951,0.12556246919457806,0.05,0.0022911463145767613,0.012392493861011449
14,0.01,0.01,0.01,0.004646790390198498,0.06766985165008566,0.447976817482283,0.05,0.0022911463145767613,0.012392493861011449
18,0.01,0.01,0.01,0.008842661432435098,0.010901941643613794,0.3743553326396689,0.05,0.0022911463145767613,0.012392493861011449
17,0.01,0.01,0.01,0.007593640635249793,0.0667460999999062,0.03398494412388211,0.05,0.0022911463145767613,0.012392493861011449
15,0.01,0.01,0.01,0.000504728132234916,0.0020627188732093922,0.7003183897036244,0.05,0.0022911463145767613,0.012392493861011449
16,0.01,0.01,0.01,0.0017055714048187407,0.050048988934550814,0.28364588166987204,0.05,0.0022911463145767613,0.012392493861011449
19,0.01,0.01,0.01,0.0018059885016741032,0.07758946305828177,0.11972328081674394,0.05,0.0022911463145767613,0.012392493861011449
21,0.01,0.01,0.01,0.009187776923386947,0.029491403248897322,0.2207844897464185,0.05,0.0022911463145767613,0.012392493861011449
23,0.01,0.01,0.01,0.04602155287501858,0.016783601737632752,0.1387773934286268,0.05,0.0022911463145767613,0.012392493861011449
20,0.01,0.01,0.01,0.07775899062294578,0.021935638783685932,0.10749111490191897,0.05,0.0022911463145767613,0.012392493861011449
22,0.01,0.01,0.01,0.03979654793128128,0.08939523390618914,0.07682404669522626,0.05,0.0022911463145767613,0.012392493861011449
24,0.01,0.01,0.01,0.0007850526171527297,0.0008441257073621148,0.7848181324678893,0.05,0.0022911463145767613,0.012392493861011449
26,0.01,0.01,0.01,0.030796083607414995,0.010043733287831074,0.2801606829558355,0.05,0.0022911463145767613,0.012392493861011449
25,0.01,0.01,0.01,0.21795826964383003,0.09987877276848581,0.017525784624201523,0.05,0.0022911463145767613,0.012392493861011449
28,0.01,0.01,0.01,0.001182660411423984,0.03915225246076744,0.31467268866939346,0.05,0.0022911463145767613,0.012392493861011449
33,0.01,0.01,0.01,0.003462433939665461,0.3708621756391117,0.06700861559796367,0.05,0.0022911463145767613,0.012392493861011449
30,0.01,0.01,0.01,2.651298497683619e-05,0.006108630543581146,0.42348402177186284,0.05,0.0022911463145767613,0.012392493861011449
29,0.01,0.01,0.01,0.19089349061384842,0.09440098762375163,0.09907453348194384,0.05,0.0022911463145767613,0.012392493861011449
31,0.01,0.01,0.01,0.002263631030974465,0.009906519039440011,0.6382306245409954,0.05,0.0022911463145767613,0.012392493861011449
27,0.01,0.01,0.01,0.00015035666110050982,0.0023081150388425775,0.6869880940644588,0.05,0.0022911463145767613,0.012392493861011449
32,0.01,0.01,0.01,0.0077187963192896815,0.07715741380860108,0.4309910262918344,0.05,0.0022911463145767613,0.012392493861011449
34,0.01,0.01,0.01,0.0025390236409620457,0.003973679385405479,0.7788469148797151,0.05,0.0022911463145767613,0.012392493861011449
35,0.01,0.01,0.01,0.0006650077782520342,0.03704874062886743,0.6287240714988738,0.05,0.0022911463145767613,0.012392493861011449
36,0.01,0.01,0.01,0.0018018498184688928,0.13184822338426067,0.71973809797529,0.05,0.0022911463145767613,0.012392493861011449
38,0.01,0.01,0.01,0.08012635355620815,0.028223717410327587,0.7409910653341102,0.05,0.0022911463145767613,0.012392493861011449
39,0.01,0.01,0.01,0.09148138006211401,0.0502347697267513,0.45547829292956377,0.05,0.0022911463145767613,0.012392493861011449
41,0.01,0.01,0.01,0.08193952823932711,0.006637941179456006,0.32391359417838095,0.05,0.0022911463145767613,0.012392493861011449
40,0.01,0.01,0.01,5.417928379686433e-05,0.007295099652108642,0.8464772403793099,0.05,0.0022911463145767613,0.012392493861011449
37,0.01,0.01,0.01,1.5625451356060637e-05,0.027449811044727244,0.782259251238371,0.05,0.0022911463145767613,0.012392493861011449
43,0.01,0.01,0.01,0.0759606022626061,0.021425539688181994,0.6222127394596338,0.05,0.0022911463145767613,0.012392493861011449
42,0.01,0.01,0.01,0.015262786674174031,0.11451280054266438,0.10212530317828915,0.05,0.0022911463145767613,0.012392493861011449
44,0.01,0.01,0.01,0.20283781371923848,0.016327753085736196,0.21690363330421647,0.05,0.0022911463145767613,0.012392493861011449
45,0.01,0.01,0.01,0.17155925395137694,0.0852869449191369,0.14903120777919532,0.05,0.0022911463145767613,0.012392493861011449
47,0.01,0.01,0.01,0.01746820565208252,0.020913243134990527,0.2021921926548197,0.05,0.0022911463145767613,0.012392493861011449
46,0.01,0.01,0.01,0.06097556133894814,0.016859109470241572,0.6666443365902968,0.05,0.0022911463145767613,0.012392493861011449
50,0.01,0.01,0.01,0.028470512453917508,0.0031957331946534818,0.7515082837448405,0.05,0.0022911463145767613,0.012392493861011449
51,0.01,0.01,0.01,0.12759187680322157,0.05297115243234136,0.10471528263597904,0.05,0.0022911463145767613,0.012392493861011449
49,0.01,0.01,0.01,0.017755592424026564,0.016654201121611242,0.1371049595871096,0.05,0.0022911463145767613,0.012392493861011449
52,0.01,0.01,0.01,0.008258613710863725,0.05339986125863051,0.0960771658861559,0.05,0.0022911463145767613,0.012392493861011449
53,0.01,0.01,0.01,0.35206886052174724,0.0070956730761987255,0.29412872087026054,0.05,0.0022911463145767613,0.012392493861011449
54,0.01,0.01,0.01,0.1659322273717574,0.057911850225568266,0.06277074975618573,0.05,0.0022911463145767613,0.012392493861011449
48,0.01,0.01,0.01,0.0002754855354736091,7.375497063299001e-05,0.4609172419396419,0.05,0.0022911463145767613,0.012392493861011449
56,0.01,0.01,0.01,0.5954342473992291,0.042598982134928645,0.013919823405795664,0.05,0.0022911463145767613,0.012392493861011449
55,0.01,0.01,0.01,0.008117223739020749,0.03407173294912537,0.06144760165260936,0.05,0.0022911463145767613,0.012392493861011449
57,0.01,0.01,0.01,0.0063874572060688365,0.008299787441473886,0.1427433064170876,0.05,0.0022911463145767613,0.012392493861011449
59,0.01,0.01,0.01,0.00014951534749618427,0.002729229232907452,0.6730167776307657,0.05,0.0022911463145767613,0.012392493861011449
60,0.01,0.01,0.01,0.5675891260031674,0.17022164006201235,0.002466662744159742,0.05,0.0022911463145767613,0.012392493861011449
58,0.01,0.01,0.01,0.004135386173299044,0.06723751691782846,0.3099822301390345,0.05,0.0022911463145767613,0.012392493861011449
61,0.01,0.01,0.01,0.08787041822083808,0.09431114712191849,0.008017023601670626,0.05,0.0022911463145767613,0.012392493861011449
62,0.01,0.01,0.01,0.005216473924959565,0.02748825234154781,0.4343033796167066,0.05,0.0022911463145767613,0.012392493861011449
65,0.01,0.01,0.01,0.021836428668296496,0.0021275627360455222,0.28035314224165864,0.05,0.0022911463145767613,0.012392493861011449
64,0.01,0.01,0.01,0.5757694445574506,0.21999703399299908,0.003125329456199324,0.05,0.0022911463145767613,0.012392493861011449
66,0.01,0.01,0.01,0.24565038840326414,0.254480507805546,0.02372075553976065,0.05,0.0022911463145767613,0.012392493861011449
63,0.01,0.01,0.01,0.15359553983120847,0.05504760417017404,0.030497819467686992,0.05,0.0022911463145767613,0.012392493861011449
67,0.01,0.01,0.01,0.46465737206480395,0.0079470540400667,0.0035269695113416895,0.05,0.0022911463145767613,0.012392493861011449
68,0.01,0.01,0.01,0.15332213715859108,0.007927891538483788,0.0535391165285343,0.05,0.0022911463145767613,0.012392493861011449
69,0.01,0.01,0.01,0.006385887496366004,3.385615991982574e-05,0.9228993203697499,0.05,0.0022911463145767613,0.012392493861011449
70,0.01,0.01,0.01,0.15021621729025564,0.22953809321164131,0.011170851432085457,0.05,0.0022911463145767613,0.012392493861011449
71,0.01,0.01,0.01,0.010438218205976018,9.288216198538743e-05,0.8931390242477564,0.05,0.0022911463145767613,0.012392493861011449
76,0.01,0.01,0.01,0.04770145396659664,0.007688496339953626,0.6561836031073585,0.05,0.0022911463145767613,0.012392493861011449
73,0.01,0.01,0.01,0.00036527559532240224,6.334749946631876e-05,0.8735425467926277,0.05,0.0022911463145767613,0.012392493861011449
72,0.01,0.01,0.01,0.13618195411985465,0.010596183030052223,0.03298143558374918,0.05,0.0022911463145767613,0.012392493861011449
74,0.01,0.01,0.01,0.006333784530647509,0.00012951293359054952,0.8790569142571308,0.05,0.0022911463145767613,0.012392493861011449
75,0.01,0.01,0.01,0.01174404717362822,0.0007036456478352324,0.821237325865697,0.05,0.0022911463145767613,0.012392493861011449
78,0.01,0.01,0.01,0.007274238549524203,0.004333139982410049,0.5669836186010424,0.05,0.0022911463145767613,0.012392493861011449
77,0.01,0.01,0.01,0.07487561645412129,0.00645351006739902,0.3385993759536692,0.05,0.0022911463145767613,0.012392493861011449
80,0.01,0.01,0.01,0.061724450309137924,0.008097763298098953,0.5107343582803916,0.05,0.0022911463145767613,0.012392493861011449
79,0.01,0.01,0.01,0.0010457187719293806,3.081803711064625e-05,0.7844969990659427,0.05,0.0022911463145767613,0.012392493861011449
82,0.01,0.01,0.01,0.000961656383171684,0.0029571380371397173,0.24440527769857368,0.05,0.0022911463145767613,0.012392493861011449
81,0.01,0.01,0.01,0.0005459847672484708,0.00030153828421441504,0.654985939867203,0.05,0.0022911463145767613,0.012392493861011449
83,0.01,0.01,0.01,0.008758406187349538,0.1868370606948495,0.16398852937442743,0.05,0.0022911463145767613,0.012392493861011449
85,0.01,0.01,0.01,0.00023512758440343996,4.089460798997421e-05,0.8956222060621086,0.05,0.0022911463145767613,0.012392493861011449
84,0.01,0.01,0.01,0.12785910999141112,0.0035473202180705946,0.4622838536190531,0.05,0.0022911463145767613,0.012392493861011449
86,0.01,0.01,0.01,0.0001334264382888706,4.308763801865444e-05,0.7531469633759174,0.05,0.0022911463145767613,0.012392493861011449
89,0.01,0.01,0.01,0.00017222393827521481,0.0008041202561285592,0.6002233482669761,0.05,0.0022911463145767613,0.012392493861011449
87,0.01,0.01,0.01,5.468857097222758e-06,7.760997967975382e-05,0.5118295394194139,0.05,0.0022911463145767613,0.012392493861011449
88,0.01,0.01,0.01,4.3598955263956775e-06,6.530905454101427e-07,0.3741957238716275,0.05,0.0022911463145767613,0.012392493861011449
90,0.01,0.01,0.01,0.0006352486977076991,0.015745649699221338,0.7941780566817455,0.05,0.0022911463145767613,0.012392493861011449
91,0.01,0.01,0.01,0.0004925489848028395,0.022263877221743476,0.5053194189641896,0.05,0.0022911463145767613,0.012392493861011449
94,0.01,0.01,0.01,0.002744466322542108,0.2599628430638018,0.5594863867871488,0.05,0.0022911463145767613,0.012392493861011449
95,0.01,0.01,0.01,0.001089754068055584,0.0008151834408841982,0.7842799492419252,0.05,0.0022911463145767613,0.012392493861011449
92,0.01,0.01,0.01,0.0015664830884271543,0.03978199924058219,0.9942820132442178,0.05,0.0022911463145767613,0.012392493861011449
93,0.01,0.01,0.01,0.03397012519065391,0.010931902375947123,0.21082547387979933,0.05,0.0022911463145767613,0.012392493861011449
96,0.01,0.01,0.01,0.0016356481171400019,0.06014511773374112,0.5557014521181219,0.05,0.0022911463145767613,0.012392493861011449
97,0.01,0.01,0.01,0.0018118361098600402,0.2233247413190671,0.23383348523172032,0.05,0.0022911463145767613,0.012392493861011449
98,0.01,0.01,0.01,0.004217491344290579,0.05314621890963235,0.624168157412152,0.05,0.0022911463145767613,0.012392493861011449
99,0.01,0.01,0.01,0.001347937817654595,0.08536088177483721,0.8640112809586206,0.05,0.0022911463145767613,0.012392493861011449
0,0.015,0.015,0.015,0.002012214803141116,0.00017050580668526852,0.04622730316086414,0.05,0.0022911463145767613,0.012392493861011449
1,0.015,0.015,0.015,0.0018560832265494282,1.3975316238038733e-07,0.18323010000459328,0.05,0.0022911463145767613,0.012392493861011449
2,0.015,0.015,0.015,0.0035031003157038293,0.00020323755979029232,0.06590084582608977,0.05,0.0022911463145767613,0.012392493861011449
3,0.015,0.015,0.015,4.969242999506711e-07,0.0005883351212525642,0.30365806347909574,0.05,0.0022911463145767613,0.012392493861011449
5,0.015,0.015,0.015,0.011548660304971812,0.005583846503193031,0.007704118312082183,0.05,0.0022911463145767613,0.012392493861011449
4,0.015,0.015,0.015,0.0013251691810397892,3.0664150367917762e-06,0.11576040182018972,0.05,0.0022911463145767613,0.012392493861011449
8,0.015,0.015,0.015,0.013666469833980913,0.00027496125629597923,0.016532633032781237,0.05,0.0022911463145767613,0.012392493861011449
7,0.015,0.015,0.015,0.00012958674314934081,3.762365586340454e-05,0.15412224794920446,0.05,0.0022911463145767613,0.012392493861011449
6,0.015,0.015,0.015,0.0006540140102730462,8.092974137772005e-05,0.03941911062911795,0.05,0.0022911463145767613,0.012392493861011449
9,0.015,0.015,0.015,1.9609681389855558e-05,4.906626632507817e-05,0.12028601925309884,0.05,0.0022911463145767613,0.012392493861011449
10,0.015,0.015,0.015,0.00018112672498953915,9.115949595059827e-05,0.6069529133725975,0.05,0.0022911463145767613,0.012392493861011449
11,0.015,0.015,0.015,0.00015475114976696333,0.027504323662393,0.2038397300912801,0.05,0.0022911463145767613,0.012392493861011449
13,0.015,0.015,0.015,0.001044085920353732,1.2700182120419086e-06,0.0591982627073268,0.05,0.0022911463145767613,0.012392493861011449
12,0.015,0.015,0.015,0.009234990112047994,0.011671808086217672,0.09005101508391457,0.05,0.0022911463145767613,0.012392493861011449
14,0.015,0.015,0.015,0.026201943244888722,0.000339186269665434,0.10180265714430776,0.05,0.0022911463145767613,0.012392493861011449
16,0.015,0.015,0.015,0.009312854477579024,0.022044302571427362,0.06792278412932166,0.05,0.0022911463145767613,0.012392493861011449
15,0.015,0.015,0.015,0.004606049975042256,0.001344205059913202,0.32251755960751205,0.05,0.0022911463145767613,0.012392493861011449
17,0.015,0.015,0.015,0.007474922183162318,0.019924378126702863,0.03959675864580379,0.05,0.0022911463145767613,0.012392493861011449
18,0.015,0.015,0.015,0.012121312439975695,0.002338492970960966,0.054897339774461866,0.05,0.0022911463145767613,0.012392493861011449
20,0.015,0.015,0.015,0.025363063255813566,0.00014051047900340229,0.14297167516658169,0.05,0.0022911463145767613,0.012392493861011449
22,0.015,0.015,0.015,0.007608640395216561,0.003875423760419233,0.11029934094291523,0.05,0.0022911463145767613,0.012392493861011449
21,0.015,0.015,0.015,0.013310453599522546,0.030600225148997354,0.14149823110923507,0.05,0.0022911463145767613,0.012392493861011449
23,0.015,0.015,0.015,0.0031072928608347765,8.778783261744045e-05,0.164647661383174,0.05,0.0022911463145767613,0.012392493861011449
24,0.015,0.015,0.015,0.8253096576446173,0.004260016061012123,0.004940227275895684,0.05,0.0022911463145767613,0.012392493861011449
19,0.015,0.015,0.015,0.05013473393996139,0.021435977074061526,0.055291568989718196,0.05,0.0022911463145767613,0.012392493861011449
26,0.015,0.015,0.015,0.006688566227426996,0.028225265877878075,0.04970633531711557,0.05,0.0022911463145767613,0.012392493861011449
27,0.015,0.015,0.015,0.06169786921244325,0.0019001911090833529,0.017078159359768703,0.05,0.0022911463145767613,0.012392493861011449
25,0.015,0.015,0.015,0.07436674973174534,0.0016755556794879295,0.08162790721886212,0.05,0.0022911463145767613,0.012392493861011449
28,0.015,0.015,0.015,0.0017177611040330967,0.002909300620232544,0.2183866590349105,0.05,0.0022911463145767613,0.012392493861011449
32,0.015,0.015,0.015,0.25341705239843715,0.03407923992474246,0.01797660231631891,0.05,0.0022911463145767613,0.012392493861011449
29,0.015,0.015,0.015,0.9374728624429471,0.05283391801863587,0.004003908189872183,0.05,0.0022911463145767613,0.012392493861011449
30,0.015,0.015,0.015,0.02739075276329687,0.09188053747731194,0.041039417888899005,0.05,0.0022911463145767613,0.012392493861011449
34,0.015,0.015,0.015,0.14301929816923548,0.0364588600632685,0.0083842559873934,0.05,0.0022911463145767613,0.012392493861011449
31,0.015,0.015,0.015,0.37397053977851424,0.017580580996874325,0.004693990434747446,0.05,0.0022911463145767613,0.012392493861011449
33,0.015,0.015,0.015,6.922176563831167e-05,0.0003401635998955989,0.8179741189670369,0.05,0.0022911463145767613,0.012392493861011449
35,0.015,0.015,0.015,0.35232767284575095,0.040622005938454844,0.025274040235277025,0.05,0.0022911463145767613,0.012392493861011449
37,0.015,0.015,0.015,0.08525893079291219,0.007752035913350696,0.1359378526882393,0.05,0.0022911463145767613,0.012392493861011449
36,0.015,0.015,0.015,0.29837872404587906,0.013521187101591394,0.012398143086966112,0.05,0.0022911463145767613,0.012392493861011449
39,0.015,0.015,0.015,0.0003607749217169724,0.00021705752701279977,0.146058335904902,0.05,0.0022911463145767613,0.012392493861011449
40,0.015,0.015,0.015,0.000591361340121477,0.0012744479194820254,0.3046039312141292,0.05,0.0022911463145767613,0.012392493861011449
38,0.015,0.015,0.015,0.14377835648108223,0.009907452034227793,0.025001151084401187,0.05,0.0022911463145767613,0.012392493861011449
42,0.015,0.015,0.015,0.24529226046495767,0.00716529744358263,0.011800920383128142,0.05,0.0022911463145767613,0.012392493861011449
43,0.015,0.015,0.015,3.1740543656037124e-05,0.001962746560653007,0.507827289374349,0.05,0.0022911463145767613,0.012392493861011449
41,0.015,0.015,0.015,0.055527716436441915,0.001376814412824541,0.31143473917970244,0.05,0.0022911463145767613,0.012392493861011449
44,0.015,0.015,0.015,0.00035503712749141407,1.7250060744671702e-07,0.14185360916244397,0.05,0.0022911463145767613,0.012392493861011449
45,0.015,0.015,0.015,0.0006164424091072208,0.0002581140919316948,0.2623911473740751,0.05,0.0022911463145767613,0.012392493861011449
46,0.015,0.015,0.015,0.0058566431085862285,0.009207927666046993,0.09411623881453911,0.05,0.0022911463145767613,0.012392493861011449
47,0.015,0.015,0.015,0.0003302462010466891,0.0008796369216015865,0.47300595895568365,0.05,0.0022911463145767613,0.012392493861011449
48,0.015,0.015,0.015,6.168883933283085e-05,5.146950693815472e-06,0.27898194252186614,0.05,0.0022911463145767613,0.012392493861011449
53,0.015,0.015,0.015,0.0006145671524049895,0.00042254928053415063,0.2847382734597754,0.05,0.0022911463145767613,0.012392493861011449
50,0.015,0.015,0.015,0.0004135358088723838,0.003642653670169104,0.1413519540133985,0.05,0.0022911463145767613,0.012392493861011449
49,0.015,0.015,0.015,0.0012138902087001665,9.204205323765231e-06,0.19972101967327915,0.05,0.0022911463145767613,0.012392493861011449
51,0.015,0.015,0.015,0.00021931634189459895,0.00034472343466300623,0.5661684752420937,0.05,0.0022911463145767613,0.012392493861011449
52,0.015,0.015,0.015,0.0014835468789682622,1.767910815733906e-05,0.03481295790831562,0.05,0.0022911463145767613,0.012392493861011449
54,0.015,0.015,0.015,0.00024543976808560924,2.6459865332332385e-06,0.4382540635729568,0.05,0.0022911463145767613,0.012392493861011449
55,0.015,0.015,0.015,0.0047105600728480565,3.1542641501428837e-07,0.06981613618570605,0.05,0.0022911463145767613,0.012392493861011449
56,0.015,0.015,0.015,0.0004019514508988222,4.857332221424557e-07,0.2328360860466282,0.05,0.0022911463145767613,0.012392493861011449
58,0.015,0.015,0.015,0.008509020552938795,2.378405134211955e-06,0.388580876614268,0.05,0.0022911463145767613,0.012392493861011449
57,0.015,0.015,0.015,0.00026203806865544426,5.705901724957624e-07,0.21325814114060382,0.05,0.0022911463145767613,0.012392493861011449
59,0.015,0.015,0.015,0.00011845883408679803,0.00028740651576507966,0.1131960671391279,0.05,0.0022911463145767613,0.012392493861011449
60,0.015,0.015,0.015,0.0005354453059529961,7.078102513635657e-06,0.05292174880465936,0.05,0.0022911463145767613,0.012392493861011449
61,0.015,0.015,0.015,0.020239120866624417,2.0207552122603494e-05,0.19624817443934917,0.05,0.0022911463145767613,0.012392493861011449
65,0.015,0.015,0.015,0.027933826876246938,0.0005058731986973631,0.0972263061609367,0.05,0.0022911463145767613,0.012392493861011449
63,0.015,0.015,0.015,0.0020424708056622906,2.0131144719260736e-05,0.4932535818810816,0.05,0.0022911463145767613,0.012392493861011449
66,0.015,0.015,0.015,0.002599200735080676,2.9927296612650447e-06,0.5726454795902796,0.05,0.0022911463145767613,0.012392493861011449
62,0.015,0.015,0.015,1.8097998069028757e-05,2.595539521820006e-05,0.17112643219897639,0.05,0.0022911463145767613,0.012392493861011449
64,0.015,0.015,0.015,0.0017267418462937716,0.0064102654109591045,0.19023125262490026,0.05,0.0022911463145767613,0.012392493861011449
68,0.015,0.015,0.015,0.0002530034865876105,3.1760113774361134e-06,0.6726885315469409,0.05,0.0022911463145767613,0.012392493861011449
69,0.015,0.015,0.015,0.00013134046915500177,1.035568204612105e-05,0.5989818738422406,0.05,0.0022911463145767613,0.012392493861011449
67,0.015,0.015,0.015,0.013994628023440519,0.02229594751761029,0.09837612185751843,0.05,0.0022911463145767613,0.012392493861011449
70,0.015,0.015,0.015,0.0035955600452375488,0.0001026147785425856,0.12349786633192043,0.05,0.0022911463145767613,0.012392493861011449
71,0.015,0.015,0.015,0.0016248088715236902,0.011562851706738288,0.16058128092148072,0.05,0.0022911463145767613,0.012392493861011449
75,0.015,0.015,0.015,0.013703970762373929,0.00027317655978143245,0.026849300844214354,0.05,0.0022911463145767613,0.012392493861011449
72,0.015,0.015,0.015,0.0011282797476904567,0.005773669673481691,0.20725357225638075,0.05,0.0022911463145767613,0.012392493861011449
73,0.015,0.015,0.015,0.0007385076233285875,0.03238444319104477,0.1139232293433942,0.05,0.0022911463145767613,0.012392493861011449
74,0.015,0.015,0.015,0.00011532579070420866,8.051078376565826e-05,0.5628644634435529,0.05,0.0022911463145767613,0.012392493861011449
77,0.015,0.015,0.015,0.00011029034920095438,0.0001965133332130228,0.2586047308872187,0.05,0.0022911463145767613,0.012392493861011449
76,0.015,0.015,0.015,3.800072538773993e-06,0.0026991657025517315,0.16280950082642887,0.05,0.0022911463145767613,0.012392493861011449
78,0.015,0.015,0.015,0.0002839645782767016,1.0793984112686172e-05,0.5433581490674773,0.05,0.0022911463145767613,0.012392493861011449
79,0.015,0.015,0.015,5.5584674923734395e-05,0.0005689504318787821,0.10042499187444859,0.05,0.0022911463145767613,0.012392493861011449
81,0.015,0.015,0.015,0.0003748298925133974,0.0010019479588021954,0.14347883620217258,0.05,0.0022911463145767613,0.012392493861011449
80,0.015,0.015,0.015,0.00043271933439878685,8.021237522842712e-05,0.22855496768030648,0.05,0.0022911463145767613,0.012392493861011449
82,0.015,0.015,0.015,0.010453001597730785,0.003855455660811818,0.009351426900039813,0.05,0.0022911463145767613,0.012392493861011449
83,0.015,0.015,0.015,0.00013715376733864393,0.0005074663703421559,0.06655873527122655,0.05,0.0022911463145767613,0.012392493861011449
84,0.015,0.015,0.015,0.0008325641213144825,0.012748540473212559,0.03254350566517047,0.05,0.0022911463145767613,0.012392493861011449
85,0.015,0.015,0.015,0.00018715983344655236,0.0009639511745933552,0.16851581878824884,0.05,0.0022911463145767613,0.012392493861011449
87,0.015,0.015,0.015,0.2786724237551671,0.20253689306931388,0.0005166008052399797,0.05,0.0022911463145767613,0.012392493861011449
86,0.015,0.015,0.015,4.6038527165111004e-05,0.0015764839439914682,0.07057886157890696,0.05,0.0022911463145767613,0.012392493861011449
89,0.015,0.015,0.015,0.12241494537206832,0.25829531353211765,0.0008852843207948444,0.05,0.0022911463145767613,0.012392493861011449
88,0.015,0.015,0.015,1.0908742859865877e-05,0.0037087087676146114,0.08475008992776824,0.05,0.0022911463145767613,0.012392493861011449
91,0.015,0.015,0.015,0.0003716862339811775,0.00013674855802296585,0.09210691541838348,0.05,0.0022911463145767613,0.012392493861011449
90,0.015,0.015,0.015,0.09221922568542332,0.3023108169249834,0.0009855275207321164,0.05,0.0022911463145767613,0.012392493861011449
92,0.015,0.015,0.015,0.00017541299481239761,0.004265651779169392,0.016892401329354528,0.05,0.0022911463145767613,0.012392493861011449
93,0.015,0.015,0.015,0.0340247932947117,0.4038715901850687,0.0006516088243449612,0.05,0.0022911463145767613,0.012392493861011449
94,0.015,0.015,0.015,0.02515604337461597,0.15269537604881167,0.016722450221172577,0.05,0.0022911463145767613,0.012392493861011449
95,0.015,0.015,0.015,0.009266361085709107,0.3584672692357268,0.00445931971341922,0.05,0.0022911463145767613,0.012392493861011449
96,0.015,0.015,0.015,0.01101750582492251,0.0002804081430811698,0.11072193240535567,0.05,0.0022911463145767613,0.012392493861011449
0,0.02,0.02,0.02,0.0003746289598267767,0.010640400335749874,0.001306569595369015,0.05,0.0022911463145767613,0.012392493861011449
97,0.015,0.015,0.015,0.11338180530863129,0.06395201229256138,0.003133241393782465,0.05,0.0022911463145767613,0.012392493861011449
99,0.015,0.015,0.015,0.020724565462629595,0.14605037984683314,0.002543965999232163,0.05,0.0022911463145767613,0.012392493861011449
98,0.015,0.015,0.015,0.048994450328498536,0.001100392649843228,0.08517887512396691,0.05,0.0022911463145767613,0.012392493861011449
3,0.02,0.02,0.02,0.00047716576106916975,9.595439126534278e-07,0.20332896946337353,0.05,0.0022911463145767613,0.012392493861011449
1,0.02,0.02,0.02,0.0001317676722518288,1.5357769268705925e-06,0.09930017488488195,0.05,0.0022911463145767613,0.012392493861011449
2,0.02,0.02,0.02,0.005315016593168123,0.1031308886669191,4.645636879515966e-05,0.05,0.0022911463145767613,0.012392493861011449
4,0.02,0.02,0.02,0.0005029784992766085,1.9533974183753025e-06,0.022127092583993587,0.05,0.0022911463145767613,0.012392493861011449
6,0.02,0.02,0.02,2.9821292765437325e-05,7.187869952059348e-07,0.07378710832382887,0.05,0.0022911463145767613,0.012392493861011449
7,0.02,0.02,0.02,5.395265857248936e-06,2.2918819723623135e-07,0.30440411435014036,0.05,0.0022911463145767613,0.012392493861011449
5,0.02,0.02,0.02,0.0008827851821607514,1.637935520283962e-05,0.02355284685967989,0.05,0.0022911463145767613,0.012392493861011449
9,0.02,0.02,0.02,0.0010680738509291706,2.6014469904510118e-05,0.03069994690732979,0.05,0.0022911463145767613,0.012392493861011449
8,0.02,0.02,0.02,0.001727286022909705,1.0958258673261141e-05,0.05760642883482481,0.05,0.0022911463145767613,0.012392493861011449
11,0.02,0.02,0.02,7.152793940801627e-05,8.245599511965997e-06,0.002985176553358351,0.05,0.0022911463145767613,0.012392493861011449
12,0.02,0.02,0.02,0.00014798400928284767,2.1700513965772207e-08,0.04858473084071205,0.05,0.0022911463145767613,0.012392493861011449
10,0.02,0.02,0.02,4.0294244212053524e-05,1.9670539537914094e-07,0.14280790575540894,0.05,0.0022911463145767613,0.012392493861011449
13,0.02,0.02,0.02,0.0024348662491706467,4.134186640875206e-06,0.08905280558778522,0.05,0.0022911463145767613,0.012392493861011449
14,0.02,0.02,0.02,7.559906975615602e-05,1.1163419889315525e-07,0.03901946854705698,0.05,0.0022911463145767613,0.012392493861011449
16,0.02,0.02,0.02,0.0018485911635988984,3.3778237869890256e-08,0.03694941978337722,0.05,0.0022911463145767613,0.012392493861011449
20,0.02,0.02,0.02,0.0003966973393303415,2.3142079694643117e-07,0.023968701133912695,0.05,0.0022911463145767613,0.012392493861011449
15,0.02,0.02,0.02,0.0006329424538287245,7.674955225880876e-08,0.019784276908376842,0.05,0.0022911463145767613,0.012392493861011449
17,0.02,0.02,0.02,0.00023939358028883192,8.063956021974945e-08,0.04503442038091195,0.05,0.0022911463145767613,0.012392493861011449
22,0.02,0.02,0.02,0.005951120647440875,1.2758785982784972e-05,0.010226772570030634,0.05,0.0022911463145767613,0.012392493861011449
21,0.02,0.02,0.02,0.0001699700111795409,5.6680696285530074e-08,0.06102490608541815,0.05,0.0022911463145767613,0.012392493861011449
19,0.02,0.02,0.02,0.0001345498783515276,9.016887588428322e-08,0.04704666630419189,0.05,0.0022911463145767613,0.012392493861011449
18,0.02,0.02,0.02,0.00026377727042783543,3.071020708011595e-05,0.0015012064724186287,0.05,0.0022911463145767613,0.012392493861011449
23,0.02,0.02,0.02,1.0817865455511316e-05,2.769738530707615e-06,0.11822506963618538,0.05,0.0022911463145767613,0.012392493861011449
24,0.02,0.02,0.02,0.016073619404494185,3.830723558295086e-07,0.005610717830710617,0.05,0.0022911463145767613,0.012392493861011449
25,0.02,0.02,0.02,0.0010918780744135366,2.2321083669370565e-07,0.0022275258701684947,0.05,0.0022911463145767613,0.012392493861011449
27,0.02,0.02,0.02,2.693079272094801e-07,9.683113501521115e-08,0.1819783153598007,0.05,0.0022911463145767613,0.012392493861011449
30,0.02,0.02,0.02,4.507929067960835e-05,8.249557815517501e-07,0.04941307505709605,0.05,0.0022911463145767613,0.012392493861011449
26,0.02,0.02,0.02,1.4240308291257542e-07,1.1607324285705745e-08,0.02091412734901367,0.05,0.0022911463145767613,0.012392493861011449
28,0.02,0.02,0.02,5.994148413529966e-05,3.0399325441899935e-08,0.2934421981776941,0.05,0.0022911463145767613,0.012392493861011449
29,0.02,0.02,0.02,9.569379508386532e-07,1.2455936605530518e-08,0.22631614098668495,0.05,0.0022911463145767613,0.012392493861011449
31,0.02,0.02,0.02,0.010995413333254378,6.830135678953585e-10,0.046080324274621574,0.05,0.0022911463145767613,0.012392493861011449
32,0.02,0.02,0.02,0.005187883290318306,1.9855871616858041e-07,0.002622453160810479,0.05,0.0022911463145767613,0.012392493861011449
34,0.02,0.02,0.02,1.2092264530730671e-06,5.896087721330544e-09,0.0471189028912031,0.05,0.0022911463145767613,0.012392493861011449
33,0.02,0.02,0.02,0.013977444619492173,6.741607150953894e-06,0.002946806527709324,0.05,0.0022911463145767613,0.012392493861011449
35,0.02,0.02,0.02,3.6144403588399235e-06,1.1636031720294977e-06,0.00925615349324549,0.05,0.0022911463145767613,0.012392493861011449
37,0.02,0.02,0.02,0.009547846464409256,1.3849284365397735e-06,0.0012162158838960714,0.05,0.0022911463145767613,0.012392493861011449
41,0.02,0.02,0.02,8.544644543638129e-06,1.4266050107764339e-08,0.1434675965125269,0.05,0.0022911463145767613,0.012392493861011449
39,0.02,0.02,0.02,6.37755996549735e-07,1.1796721105823301e-05,0.1435080252841523,0.05,0.0022911463145767613,0.012392493861011449
36,0.02,0.02,0.02,0.0012891177761084963,4.493613760654664e-05,0.02622947199229231,0.05,0.0022911463145767613,0.012392493861011449
38,0.02,0.02,0.02,0.000303953013690873,3.087847605401045e-07,0.013293319659359178,0.05,0.0022911463145767613,0.012392493861011449
40,0.02,0.02,0.02,1.051621081023029e-05,1.1046332297281368e-05,0.14042841528061087,0.05,0.0022911463145767613,0.012392493861011449
42,0.02,0.02,0.02,1.0558005514354062e-06,3.172916255882054e-09,0.04071236982815921,0.05,0.0022911463145767613,0.012392493861011449
43,0.02,0.02,0.02,6.667939194600941e-05,1.1183643522948336e-06,0.024961223259836143,0.05,0.0022911463145767613,0.012392493861011449
44,0.02,0.02,0.02,7.182170503003929e-08,2.5248985101816883e-08,0.05652640679707622,0.05,0.0022911463145767613,0.012392493861011449
45,0.02,0.02,0.02,0.0011526295012439893,3.3224710037769646e-06,0.010768781820197438,0.05,0.0022911463145767613,0.012392493861011449
47,0.02,0.02,0.02,0.0009821313285596006,4.856847212917827e-09,0.13873095299535573,0.05,0.0022911463145767613,0.012392493861011449
46,0.02,0.02,0.02,8.381709723285775e-05,0.00023072460904723002,0.06108275428274326,0.05,0.0022911463145767613,0.012392493861011449
48,0.02,0.02,0.02,0.00018117353992586245,0.00032211328918928754,0.006454553867864348,0.05,0.0022911463145767613,0.012392493861011449
49,0.02,0.02,0.02,1.801323199724044e-06,1.1871098907957473e-05,0.12307293122212033,0.05,0.0022911463145767613,0.012392493861011449
51,0.02,0.02,0.02,7.579950994275196e-06,7.698742470452719e-05,0.1262169252899747,0.05,0.0022911463145767613,0.012392493861011449
52,0.02,0.02,0.02,0.0008337962304192312,5.425130734195648e-07,0.056608375950368134,0.05,0.0022911463145767613,0.012392493861011449
50,0.02,0.02,0.02,9.457332199652006e-06,9.247645889553053e-05,0.1471098384325178,0.05,0.0022911463145767613,0.012392493861011449
53,0.02,0.02,0.02,0.0002999459956544647,0.0001664735554698414,0.05733731573280644,0.05,0.0022911463145767613,0.012392493861011449
54,0.02,0.02,0.02,2.9841855494798548e-05,6.285440728366647e-08,0.21241257722226847,0.05,0.0022911463145767613,0.012392493861011449
55,0.02,0.02,0.02,1.45663882259525e-05,1.5674521873005272e-05,0.12571597202763965,0.05,0.0022911463145767613,0.012392493861011449
57,0.02,0.02,0.02,3.93820784312165e-08,1.24709786992287e-08,0.10008000246457843,0.05,0.0022911463145767613,0.012392493861011449
56,0.02,0.02,0.02,2.644514007354053e-05,4.260614373449194e-06,0.09814831396419275,0.05,0.0022911463145767613,0.012392493861011449
61,0.02,0.02,0.02,8.541961100888057e-05,0.00022611995428693422,0.10275224586883058,0.05,0.0022911463145767613,0.012392493861011449
58,0.02,0.02,0.02,6.46688205759977e-05,0.0005580420614670378,0.009627712863104314,0.05,0.0022911463145767613,0.012392493861011449
62,0.02,0.02,0.02,1.7426559073661263e-09,2.0530058183721178e-09,0.5446367847961799,0.05,0.0022911463145767613,0.012392493861011449
59,0.02,0.02,0.02,1.7238475363390078e-06,2.432156585138956e-08,0.149255487812503,0.05,0.0022911463145767613,0.012392493861011449
60,0.02,0.02,0.02,7.610701022280178e-09,3.0029275395378306e-08,0.28340919969269474,0.05,0.0022911463145767613,0.012392493861011449
65,0.02,0.02,0.02,1.1440849241275379e-08,2.717202766305222e-10,0.47429799745258583,0.05,0.0022911463145767613,0.012392493861011449
64,0.02,0.02,0.02,0.0004372937390385645,0.0027349403780132847,0.010202701466046,0.05,0.0022911463145767613,0.012392493861011449
63,0.02,0.02,0.02,6.465728331074952e-10,1.7794671885268447e-10,0.779337355043711,0.05,0.0022911463145767613,0.012392493861011449
71,0.02,0.02,0.02,7.3620748954375055e-06,3.089533278773076e-05,0.01097251012462871,0.05,0.0022911463145767613,0.012392493861011449
68,0.02,0.02,0.02,9.399461212174694e-11,1.5024965289179e-11,0.8767196632265484,0.05,0.0022911463145767613,0.012392493861011449
66,0.02,0.02,0.02,4.683510266614567e-06,2.6829462326626383e-06,0.011392635929198898,0.05,0.0022911463145767613,0.012392493861011449
67,0.02,0.02,0.02,6.693175551886339e-10,6.882043211084893e-09,0.5077917809510237,0.05,0.0022911463145767613,0.012392493861011449
73,0.02,0.02,0.02,1.4087211822961193e-06,2.8222430418700943e-09,0.06787854873072895,0.05,0.0022911463145767613,0.012392493861011449
70,0.02,0.02,0.02,2.9310976931016266e-08,7.811715013020627e-08,0.13562955819319839,0.05,0.0022911463145767613,0.012392493861011449
69,0.02,0.02,0.02,1.45685346125681e-07,6.864778111002707e-10,0.07332968936254472,0.05,0.0022911463145767613,0.012392493861011449
75,0.02,0.02,0.02,1.6644126922965876e-05,7.457423778845132e-07,0.01784093476506585,0.05,0.0022911463145767613,0.012392493861011449
74,0.02,0.02,0.02,1.6739834553173752e-08,2.0736094064101738e-09,0.271239211280349,0.05,0.0022911463145767613,0.012392493861011449
72,0.02,0.02,0.02,2.0672956996076966e-05,3.7026183401486587e-07,0.03892449033167873,0.05,0.0022911463145767613,0.012392493861011449
76,0.02,0.02,0.02,0.0012998887498418116,0.003949018455999122,0.003941937342910012,0.05,0.0022911463145767613,0.012392493861011449
78,0.02,0.02,0.02,0.0004220068327536529,0.06452525093508588,0.006758332694594135,0.05,0.0022911463145767613,0.012392493861011449
77,0.02,0.02,0.02,2.6047167960971616e-06,5.507841573450901e-09,0.10916347976003221,0.05,0.0022911463145767613,0.012392493861011449
83,0.02,0.02,0.02,3.266727954372583e-05,0.020711953849583204,0.0006626951950659437,0.05,0.0022911463145767613,0.012392493861011449
79,0.02,0.02,0.02,5.59488391915316e-07,1.1807273361745284e-07,0.07361794422783126,0.05,0.0022911463145767613,0.012392493861011449
82,0.02,0.02,0.02,1.458959511450836e-07,3.1607060153548047e-09,0.17290628905816052,0.05,0.0022911463145767613,0.012392493861011449
85,0.02,0.02,0.02,0.0006058343019007231,0.010632303374678352,0.0020398623551740338,0.05,0.0022911463145767613,0.012392493861011449
80,0.02,0.02,0.02,9.876094779911042e-05,0.006324854587675963,0.0025869661402020635,0.05,0.0022911463145767613,0.012392493861011449
81,0.02,0.02,0.02,6.795230272990097e-06,0.002376624364633425,0.007313503295281636,0.05,0.0022911463145767613,0.012392493861011449
86,0.02,0.02,0.02,8.116032948365832e-06,5.23368571461763e-05,0.505552728778274,0.05,0.0022911463145767613,0.012392493861011449
84,0.02,0.02,0.02,1.8648045044472893e-08,1.5012957869809895e-07,0.05604173214470723,0.05,0.0022911463145767613,0.012392493861011449
87,0.02,0.02,0.02,0.0001587904588581059,4.337432146194008e-07,0.2570953696059348,0.05,0.0022911463145767613,0.012392493861011449
88,0.02,0.02,0.02,0.0003101951498321154,0.005476030797315359,0.0014981597787235839,0.05,0.0022911463145767613,0.012392493861011449
93,0.02,0.02,0.02,0.00043748142773898896,5.4334230348771496e-05,0.20168942662325096,0.05,0.0022911463145767613,0.012392493861011449
89,0.02,0.02,0.02,0.00016146212838741213,0.00011964563056504297,0.5183773531747925,0.05,0.0022911463145767613,0.012392493861011449
90,0.02,0.02,0.02,4.7663603063215204e-05,0.0013151322332124523,0.013856694060714712,0.05,0.0022911463145767613,0.012392493861011449
92,0.02,0.02,0.02,0.00025259644592384484,1.6495085336787645e-06,0.36810596934887463,0.05,0.0022911463145767613,0.012392493861011449
91,0.02,0.02,0.02,0.0011171939681721978,0.005547746800228883,0.001033310070663126,0.05,0.0022911463145767613,0.012392493861011449
95,0.02,0.02,0.02,0.00012642637847599155,1.0070356416881692e-07,0.09551065874598014,0.05,0.0022911463145767613,0.012392493861011449
96,0.02,0.02,0.02,0.006904739725879751,0.0030943364524656427,0.00015027506676641784,0.05,0.0022911463145767613,0.012392493861011449
94,0.02,0.02,0.02,1.822981091891141e-05,7.459473132787661e-08,0.6114991748872347,0.05,0.0022911463145767613,0.012392493861011449
97,0.02,0.02,0.02,0.00013764435686563123,9.37958145235655e-08,0.0829317067678556,0.05,0.0022911463145767613,0.012392493861011449
99,0.02,0.02,0.02,0.0014251830656312314,7.79751981295803e-07,0.03542437430046893,0.05,0.0022911463145767613,0.012392493861011449
98,0.02,0.02,0.02,3.970589344182912e-05,3.951028878884955e-08,0.5027751067194451,0.05,0.0022911463145767613,0.012392493861011449
0,0.025,0.025,0.025,0.00011592556549598713,7.462087170264352e-07,0.0010281018046262116,0.05,0.0022911463145767613,0.012392493861011449
1,0.025,0.025,0.025,9.569157488511206e-09,8.625244550872433e-10,0.7779005877376034,0.05,0.0022911463145767613,0.012392493861011449
2,0.025,0.025,0.025,5.326219883881386e-05,3.9729642298374136e-08,0.006822594371221244,0.05,0.0022911463145767613,0.012392493861011449
3,0.025,0.025,0.025,8.582402502267638e-07,4.3805900599966255e-10,0.3477770128505515,0.05,0.0022911463145767613,0.012392493861011449
4,0.025,0.025,0.025,1.7024770753132228e-06,2.899440063381377e-07,0.0011747848241303027,0.05,0.0022911463145767613,0.012392493861011449
5,0.025,0.025,0.025,3.459125793456175e-05,1.578547786511097e-06,0.017289678991708503,0.05,0.0022911463145767613,0.012392493861011449
7,0.025,0.025,0.025,9.565487099228225e-06,0.00010102767215566357,1.9937309481999978e-07,0.05,0.0022911463145767613,0.012392493861011449
6,0.025,0.025,0.025,0.00840254290139389,1.5378171288126968e-06,5.7528602660598436e-05,0.05,0.0022911463145767613,0.012392493861011449
8,0.025,0.025,0.025,1.8909459257675173e-08,2.83799316334377e-06,9.146195719840922e-05,0.05,0.0022911463145767613,0.012392493861011449
9,0.025,0.025,0.025,6.453754342274689e-05,1.2429747787846647e-08,0.0011503897109241658,0.05,0.0022911463145767613,0.012392493861011449
10,0.025,0.025,0.025,9.199847635662694e-08,4.52314405206332e-07,2.9159883143386454e-05,0.05,0.0022911463145767613,0.012392493861011449
11,0.025,0.025,0.025,3.7477316266727034e-05,1.5449443255024662e-10,0.0022576508496789036,0.05,0.0022911463145767613,0.012392493861011449
15,0.025,0.025,0.025,0.00037108370712016903,6.168958535489885e-11,0.008438309907195895,0.05,0.0022911463145767613,0.012392493861011449
17,0.025,0.025,0.025,2.477419695437231e-08,3.447803054709172e-06,0.0005681501091885434,0.05,0.0022911463145767613,0.012392493861011449
16,0.025,0.025,0.025,2.9286110826165675e-05,1.0582583373555688e-08,0.0006363092776840198,0.05,0.0022911463145767613,0.012392493861011449
12,0.025,0.025,0.025,7.440437081329252e-07,2.5314803356595198e-05,1.7573672942534578e-05,0.05,0.0022911463145767613,0.012392493861011449
13,0.025,0.025,0.025,9.977868306209485e-05,1.8248792238449952e-08,0.000553485008796015,0.05,0.0022911463145767613,0.012392493861011449
14,0.025,0.025,0.025,2.6797131941752464e-05,6.446383485767145e-10,0.0005404144975520595,0.05,0.0022911463145767613,0.012392493861011449
18,0.025,0.025,0.025,3.2185508773597475e-05,1.3120986737525726e-09,0.0014344149267157334,0.05,0.0022911463145767613,0.012392493861011449
20,0.025,0.025,0.025,0.0010873782738886845,1.971886586495849e-09,0.0012842978136285669,0.05,0.0022911463145767613,0.012392493861011449
19,0.025,0.025,0.025,1.742518029311769e-05,1.5480485178576597e-08,0.0001830581832192477,0.05,0.0022911463145767613,0.012392493861011449
21,0.025,0.025,0.025,5.43741750289461e-07,2.1105400059076636e-07,7.809752164593278e-05,0.05,0.0022911463145767613,0.012392493861011449
23,0.025,0.025,0.025,1.114093593356521e-05,2.4503000406740985e-11,0.002603469763529811,0.05,0.0022911463145767613,0.012392493861011449
22,0.025,0.025,0.025,4.116925845299109e-06,1.164879700113805e-05,5.575637243103271e-05,0.05,0.0022911463145767613,0.012392493861011449
25,0.025,0.025,0.025,6.146758787401024e-05,7.995341779074762e-10,0.0006381412665844335,0.05,0.0022911463145767613,0.012392493861011449
26,0.025,0.025,0.025,4.393455286097222e-08,3.641494741058772e-08,0.0016464063174436152,0.05,0.0022911463145767613,0.012392493861011449
24,0.025,0.025,0.025,1.4664766968114643e-09,9.887795022422518e-11,0.0019870618516284,0.05,0.0022911463145767613,0.012392493861011449
27,0.025,0.025,0.025,3.6763572900366387e-13,2.5647642271625703e-10,0.02762448943112733,0.05,0.0022911463145767613,0.012392493861011449
31,0.025,0.025,0.025,9.578907367613023e-05,3.042728702613038e-09,0.000217320002918861,0.05,0.0022911463145767613,0.012392493861011449
29,0.025,0.025,0.025,3.130184346471179e-12,3.620722500358837e-10,0.025723830171920335,0.05,0.0022911463145767613,0.012392493861011449
30,0.025,0.025,0.025,0.0005811680455111722,4.0937330652617366e-11,0.0009360902530959652,0.05,0.0022911463145767613,0.012392493861011449
28,0.025,0.025,0.025,3.3074331872481864e-11,2.547305290221226e-10,0.01554623761927557,0.05,0.0022911463145767613,0.012392493861011449
32,0.025,0.025,0.025,1.3879765748942197e-10,2.738490474702668e-10,0.003914120978906859,0.05,0.0022911463145767613,0.012392493861011449
36,0.025,0.025,0.025,0.0008682447808745169,1.6722685327906922e-05,6.07930375594337e-07,0.05,0.0022911463145767613,0.012392493861011449
35,0.025,0.025,0.025,0.0001395283893607749,1.3902143119865e-12,0.015632152264292667,0.05,0.0022911463145767613,0.012392493861011449
33,0.025,0.025,0.025,1.3951816290375454e-05,5.264135609075162e-12,0.005692733768176957,0.05,0.0022911463145767613,0.012392493861011449
34,0.025,0.025,0.025,2.078989799111106e-09,3.5323412198963935e-12,0.03294912576924279,0.05,0.0022911463145767613,0.012392493861011449
40,0.025,0.025,0.025,2.2099416330089052e-11,1.5232318774001662e-12,0.0126409609907514,0.05,0.0022911463145767613,0.012392493861011449
37,0.025,0.025,0.025,0.01600104688560819,1.377183121999214e-05,2.5617778657212377e-07,0.05,0.0022911463145767613,0.012392493861011449
41,0.025,0.025,0.025,0.0022297126678573285,8.537339343270158e-06,3.11467857277838e-06,0.05,0.0022911463145767613,0.012392493861011449
39,0.025,0.025,0.025,4.620712868218864e-05,1.2152145319550209e-08,6.405133514396777e-06,0.05,0.0022911463145767613,0.012392493861011449
38,0.025,0.025,0.025,1.5725434829287226e-11,5.2879669439974814e-11,0.007919836509970895,0.05,0.0022911463145767613,0.012392493861011449
46,0.025,0.025,0.025,0.0019229420136802884,2.2097798930660942e-08,2.4464384603361025e-05,0.05,0.0022911463145767613,0.012392493861011449
42,0.025,0.025,0.025,5.692624025812955e-06,1.8661864001644883e-07,0.00038693466229242535,0.05,0.0022911463145767613,0.012392493861011449
44,0.025,0.025,0.025,6.124246054124946e-12,2.167988527116106e-09,0.05618124265460966,0.05,0.0022911463145767613,0.012392493861011449
43,0.025,0.025,0.025,0.00012092061315155001,2.2598347245345273e-11,1.667088728227404e-05,0.05,0.0022911463145767613,0.012392493861011449
47,0.025,0.025,0.025,0.00010607439057967953,1.9849864385607886e-05,2.8508105727263884e-05,0.05,0.0022911463145767613,0.012392493861011449
51,0.025,0.025,0.025,0.0001653415539197856,1.505435856995326e-08,7.265551075468574e-05,0.05,0.0022911463145767613,0.012392493861011449
45,0.025,0.025,0.025,8.387663342258149e-08,2.806372296487672e-09,9.173231912488646e-05,0.05,0.0022911463145767613,0.012392493861011449
49,0.025,0.025,0.025,3.81650147265287e-06,9.253913528939562e-09,7.254451638761897e-06,0.05,0.0022911463145767613,0.012392493861011449
50,0.025,0.025,0.025,6.066030243969353e-07,8.65046523802541e-12,7.89004951065461e-05,0.05,0.0022911463145767613,0.012392493861011449
48,0.025,0.025,0.025,0.0003977028349360076,2.7040859505859566e-10,4.606206302989127e-05,0.05,0.0022911463145767613,0.012392493861011449
54,0.025,0.025,0.025,0.009652671523894391,1.0596829420713604e-08,8.560342444856619e-07,0.05,0.0022911463145767613,0.012392493861011449
57,0.025,0.025,0.025,3.517612709400042e-05,9.151335216712386e-10,4.789536218319705e-05,0.05,0.0022911463145767613,0.012392493861011449
52,0.025,0.025,0.025,1.5796245596534003e-07,6.118603884363186e-13,0.0027134868732482313,0.05,0.0022911463145767613,0.012392493861011449
58,0.025,0.025,0.025,0.00016462514825201947,3.923454301232811e-08,6.423919880963863e-05,0.05,0.0022911463145767613,0.012392493861011449
55,0.025,0.025,0.025,5.2418991540311715e-05,3.818140740042943e-06,3.885417760852122e-06,0.05,0.0022911463145767613,0.012392493861011449
53,0.025,0.025,0.025,7.354331784948202e-07,4.866201360072436e-13,0.000829436428331348,0.05,0.0022911463145767613,0.012392493861011449
56,0.025,0.025,0.025,1.7356019630415457e-07,2.0037177052277532e-11,0.00039878768167146624,0.05,0.0022911463145767613,0.012392493861011449
60,0.025,0.025,0.025,7.865382028534297e-07,1.2390268112876288e-07,0.0014767167832591681,0.05,0.0022911463145767613,0.012392493861011449
59,0.025,0.025,0.025,1.7212965638066422e-09,1.0838313370959002e-05,0.0013272803087755892,0.05,0.0022911463145767613,0.012392493861011449
62,0.025,0.025,0.025,1.3960405803853778e-06,1.1854434338768255e-11,7.283039964303361e-05,0.05,0.0022911463145767613,0.012392493861011449
61,0.025,0.025,0.025,5.87212468268876e-06,2.4516221906465265e-06,6.598304082580969e-05,0.05,0.0022911463145767613,0.012392493861011449
63,0.025,0.025,0.025,3.189732940699565e-06,6.320859731692631e-07,1.0721418912325862e-05,0.05,0.0022911463145767613,0.012392493861011449
64,0.025,0.025,0.025,5.988265074955671e-07,6.898854806667726e-05,9.239542988782488e-05,0.05,0.0022911463145767613,0.012392493861011449
68,0.025,0.025,0.025,7.297034927902544e-08,5.464438238826331e-09,0.0016789631397044636,0.05,0.0022911463145767613,0.012392493861011449
65,0.025,0.025,0.025,6.4765796047587155e-06,9.721679185283375e-13,0.00035774867394112287,0.05,0.0022911463145767613,0.012392493861011449
66,0.025,0.025,0.025,2.957692547521695e-05,4.105670695433647e-08,1.9036717530221175e-05,0.05,0.0022911463145767613,0.012392493861011449
67,0.025,0.025,0.025,7.716301635702766e-09,5.450147152088234e-07,0.013618318449663741,0.05,0.0022911463145767613,0.012392493861011449
69,0.025,0.025,0.025,0.00010946595502453538,1.6188449781821707e-05,3.3261000000574484e-05,0.05,0.0022911463145767613,0.012392493861011449
71,0.025,0.025,0.025,5.793586932580186e-07,3.905793936977195e-06,0.00019106300792751178,0.05,0.0022911463145767613,0.012392493861011449
70,0.025,0.025,0.025,0.00016543029489920878,6.673238861189826e-07,1.2603730304056698e-05,0.05,0.0022911463145767613,0.012392493861011449
72,0.025,0.025,0.025,1.34776126053318e-06,3.911389770944674e-08,0.0005485926675020661,0.05,0.0022911463145767613,0.012392493861011449
74,0.025,0.025,0.025,4.353638786191559e-06,1.423754144332935e-07,0.002048454532767556,0.05,0.0022911463145767613,0.012392493861011449
73,0.025,0.025,0.025,0.00027445826589259163,1.649227504545315e-06,2.872376785738324e-06,0.05,0.0022911463145767613,0.012392493861011449
76,0.025,0.025,0.025,2.5845033322469103e-07,2.9015298607308896e-07,0.0001683504836258419,0.05,0.0022911463145767613,0.012392493861011449
75,0.025,0.025,0.025,3.5131270660756163e-06,7.852088695249582e-05,2.5670931572049827e-05,0.05,0.0022911463145767613,0.012392493861011449
77,0.025,0.025,0.025,2.5176381175727122e-05,1.5073245406987496e-07,0.001525877686581366,0.05,0.0022911463145767613,0.012392493861011449
78,0.025,0.025,0.025,3.9760166317815174e-07,3.6803574944772265e-06,0.001171098590922236,0.05,0.0022911463145767613,0.012392493861011449
81,0.025,0.025,0.025,5.940889979698044e-06,4.275480993843293e-07,0.009598703006341849,0.05,0.0022911463145767613,0.012392493861011449
80,0.025,0.025,0.025,0.0008509803767626677,1.4709572919514939e-06,6.490987233121824e-06,0.05,0.0022911463145767613,0.012392493861011449
79,0.025,0.025,0.025,2.6793946317961123e-07,7.903126714009431e-07,0.012827151639821005,0.05,0.0022911463145767613,0.012392493861011449
82,0.025,0.025,0.025,0.00025358748238523787,9.887136677676073e-05,0.00016668510981743343,0.05,0.0022911463145767613,0.012392493861011449
87,0.025,0.025,0.025,0.0007059204817435308,4.482154323501184e-07,2.254114799028531e-06,0.05,0.0022911463145767613,0.012392493861011449
84,0.025,0.025,0.025,2.3239727681461636e-06,1.1591092482919498e-07,0.036059536170289334,0.05,0.0022911463145767613,0.012392493861011449
85,0.025,0.025,0.025,5.4720807179173915e-05,4.827178194251308e-09,0.0016597070856221516,0.05,0.0022911463145767613,0.012392493861011449
83,0.025,0.025,0.025,9.402401700238501e-06,5.064846780251297e-07,0.015322045771204797,0.05,0.0022911463145767613,0.012392493861011449
86,0.025,0.025,0.025,1.988130191481626e-06,2.2808682699902724e-07,0.040544114266175664,0.05,0.0022911463145767613,0.012392493861011449
88,0.025,0.025,0.025,3.59164175137627e-06,4.70007596971524e-06,0.002752085324566277,0.05,0.0022911463145767613,0.012392493861011449
89,0.025,0.025,0.025,0.0003881024339036543,1.9187753248769565e-07,7.858951611730022e-06,0.05,0.0022911463145767613,0.012392493861011449
91,0.025,0.025,0.025,0.005269300338187136,2.4223328922619855e-09,6.811977339574565e-07,0.05,0.0022911463145767613,0.012392493861011449
90,0.025,0.025,0.025,2.304574568667128e-08,8.037339872692046e-07,0.09195490269341401,0.05,0.0022911463145767613,0.012392493861011449
93,0.025,0.025,0.025,8.233661485135538e-08,1.2789046712304317e-09,0.0013883208035748726,0.05,0.0022911463145767613,0.012392493861011449
92,0.025,0.025,0.025,0.0006327115883459611,3.506046224322141e-09,3.326382857842503e-06,0.05,0.0022911463145767613,0.012392493861011449
94,0.025,0.025,0.025,0.0003772230738707977,1.6062945055244133e-08,2.234053492530561e-07,0.05,0.0022911463145767613,0.012392493861011449
95,0.025,0.025,0.025,3.665965999270689e-08,7.511477500140684e-07,0.028396514330689196,0.05,0.0022911463145767613,0.012392493861011449
96,0.025,0.025,0.025,0.00400133021493452,2.235312438459994e-05,6.464825290800242e-09,0.05,0.0022911463145767613,0.012392493861011449
98,0.025,0.025,0.025,4.400748281969117e-05,3.8479474746901194e-07,6.086209257609501e-06,0.05,0.0022911463145767613,0.012392493861011449
97,0.025,0.025,0.025,8.118943787282503e-06,1.4889039256286737e-11,0.0001867524695309043,0.05,0.0022911463145767613,0.012392493861011449
99,0.025,0.025,0.025,5.35346623319482e-07,7.353483741805512e-10,0.0032538926832603727,0.05,0.0022911463145767613,0.012392493861011449
1,0.03,0.03,0.03,1.0750381599929948e-05,4.3201992894381544e-11,1.4416424319042077e-09,0.05,0.0022911463145767613,0.012392493861011449
0,0.03,0.03,0.03,3.960438636313395e-11,3.0462953424986827e-10,0.00014570867372739102,0.05,0.0022911463145767613,0.012392493861011449
6,0.03,0.03,0.03,1.395958882960617e-07,3.8905046395467627e-10,1.5251218468726027e-05,0.05,0.0022911463145767613,0.012392493861011449
2,0.03,0.03,0.03,4.70910078033613e-08,2.861818526182772e-09,7.874783481215248e-06,0.05,0.0022911463145767613,0.012392493861011449
3,0.03,0.03,0.03,6.935078935873766e-08,1.045826408808666e-12,8.571298640506408e-05,0.05,0.0022911463145767613,0.012392493861011449
5,0.03,0.03,0.03,1.0643373821410308e-06,1.1732470335997522e-13,6.96553403410685e-07,0.05,0.0022911463145767613,0.012392493861011449
4,0.03,0.03,0.03,7.860246122553519e-13,4.4081129494496893e-13,0.0007926894150664957,0.05,0.0022911463145767613,0.012392493861011449
7,0.03,0.03,0.03,7.560470427164202e-10,2.4945027592129758e-11,4.6423824330508285e-05,0.05,0.0022911463145767613,0.012392493861011449
8,0.03,0.03,0.03,3.2903608377332764e-09,2.2191869917384603e-13,0.0009339982525236224,0.05,0.0022911463145767613,0.012392493861011449
9,0.03,0.03,0.03,1.7362924538820533e-07,5.429182257962758e-12,0.00010285189860550454,0.05,0.0022911463145767613,0.012392493861011449
11,0.03,0.03,0.03,7.932658245128723e-07,4.458837204271074e-09,1.1236617375151797e-05,0.05,0.0022911463145767613,0.012392493861011449
10,0.03,0.03,0.03,4.565595824401358e-08,2.906576410989033e-12,6.730952086294124e-05,0.05,0.0022911463145767613,0.012392493861011449
15,0.03,0.03,0.03,2.059465501032274e-10,7.879427444764263e-13,0.0013578616407777743,0.05,0.0022911463145767613,0.012392493861011449
16,0.03,0.03,0.03,9.031418564129798e-09,1.542218417331106e-11,0.001712989472228895,0.05,0.0022911463145767613,0.012392493861011449
12,0.03,0.03,0.03,6.357594849216127e-10,1.4894768648476343e-12,0.00128799629679012,0.05,0.0022911463145767613,0.012392493861011449
13,0.03,0.03,0.03,3.155396484068753e-11,2.1888558075165602e-17,0.0001169758712344709,0.05,0.0022911463145767613,0.012392493861011449
14,0.03,0.03,0.03,4.848728825625262e-09,4.258376118520343e-13,0.007690379071205232,0.05,0.0022911463145767613,0.012392493861011449
17,0.03,0.03,0.03,1.097205397296802e-09,4.024067336230039e-12,0.000299388257477717,0.05,0.0022911463145767613,0.012392493861011449
18,0.03,0.03,0.03,6.0632565350318e-08,1.0195582387107326e-11,0.0006317905988815574,0.05,0.0022911463145767613,0.012392493861011449
19,0.03,0.03,0.03,6.06832647302717e-08,8.977824454772012e-16,2.1259750572984373e-06,0.05,0.0022911463145767613,0.012392493861011449
20,0.03,0.03,0.03,3.238499867159054e-08,6.93805398302147e-13,2.8317885700134827e-07,0.05,0.0022911463145767613,0.012392493861011449
23,0.03,0.03,0.03,5.057279761532357e-10,7.713179556761835e-16,5.856341427625738e-06,0.05,0.0022911463145767613,0.012392493861011449
22,0.03,0.03,0.03,1.18357725145663e-08,1.765050337573457e-12,0.000509555690689644,0.05,0.0022911463145767613,0.012392493861011449
21,0.03,0.03,0.03,2.34954240362454e-08,1.0117669261855862e-11,4.8734848436258944e-05,0.05,0.0022911463145767613,0.012392493861011449
24,0.03,0.03,0.03,4.449745239442798e-07,4.379451483352465e-13,6.43855673371477e-08,0.05,0.0022911463145767613,0.012392493861011449
25,0.03,0.03,0.03,4.166747095217049e-09,4.064496704504208e-11,0.001065554117882017,0.05,0.0022911463145767613,0.012392493861011449
27,0.03,0.03,0.03,5.339895743597413e-08,1.8254792376620516e-14,3.5033999280949985e-06,0.05,0.0022911463145767613,0.012392493861011449
26,0.03,0.03,0.03,9.373829902357452e-08,7.975694909952723e-12,1.1384320251749495e-07,0.05,0.0022911463145767613,0.012392493861011449
28,0.03,0.03,0.03,4.877788260256265e-08,1.072402416778606e-15,1.2343049581076706e-06,0.05,0.0022911463145767613,0.012392493861011449
31,0.03,0.03,0.03,1.7537668098115611e-07,1.7124753060789977e-08,0.00015896556277839816,0.05,0.0022911463145767613,0.012392493861011449
30,0.03,0.03,0.03,5.769388799530868e-09,1.106814784920416e-09,6.764576291906348e-05,0.05,0.0022911463145767613,0.012392493861011449
29,0.03,0.03,0.03,5.778023253546826e-09,2.3416440350750895e-10,9.202402302112148e-05,0.05,0.0022911463145767613,0.012392493861011449
32,0.03,0.03,0.03,4.445059739596496e-07,1.9008538864666674e-12,2.055582103545611e-07,0.05,0.0022911463145767613,0.012392493861011449
34,0.03,0.03,0.03,1.8820287266379805e-06,7.512736172886988e-10,6.415995924595289e-05,0.05,0.0022911463145767613,0.012392493861011449
35,0.03,0.03,0.03,2.0997660486414148e-10,1.0185885678517287e-10,0.0032771497347631393,0.05,0.0022911463145767613,0.012392493861011449
33,0.03,0.03,0.03,1.1157865317868027e-08,1.0389276901749924e-10,4.137067895041093e-08,0.05,0.0022911463145767613,0.012392493861011449
37,0.03,0.03,0.03,2.0455399076879696e-08,2.8665331150462637e-08,0.0007878257066397784,0.05,0.0022911463145767613,0.012392493861011449
36,0.03,0.03,0.03,1.55135609392853e-06,5.807588992869574e-08,4.316260237460067e-05,0.05,0.0022911463145767613,0.012392493861011449
40,0.03,0.03,0.03,8.982686934554715e-11,1.2288981112572006e-09,0.016011168884832117,0.05,0.0022911463145767613,0.012392493861011449
39,0.03,0.03,0.03,1.1056550512343273e-08,9.265663984804658e-08,0.0002792928688154014,0.05,0.0022911463145767613,0.012392493861011449
38,0.03,0.03,0.03,2.325715303466082e-06,5.353754036617267e-10,0.0003894188761030311,0.05,0.0022911463145767613,0.012392493861011449
41,0.03,0.03,0.03,4.7355960509089263e-07,1.5981000367844605e-09,0.00011311338477146294,0.05,0.0022911463145767613,0.012392493861011449
44,0.03,0.03,0.03,1.0775942181329552e-06,0.0011996698887290851,8.065647487603317e-10,0.05,0.0022911463145767613,0.012392493861011449
42,0.03,0.03,0.03,7.469424986300826e-07,2.6472389647133045e-08,7.480807230127221e-05,0.05,0.0022911463145767613,0.012392493861011449
45,0.03,0.03,0.03,4.2422308123665383e-07,4.957598654577794e-11,0.0005795112832046909,0.05,0.0022911463145767613,0.012392493861011449
46,0.03,0.03,0.03,3.639477779864927e-07,7.44822960543303e-10,0.00021643913327084382,0.05,0.0022911463145767613,0.012392493861011449
43,0.03,0.03,0.03,3.171284886579121e-11,8.079786109386015e-13,0.0034758790298720006,0.05,0.0022911463145767613,0.012392493861011449
47,0.03,0.03,0.03,1.9937102775755606e-08,8.796521010115082e-08,0.00023017096972293317,0.05,0.0022911463145767613,0.012392493861011449
49,0.03,0.03,0.03,5.454233605113734e-09,1.0836294033635245e-05,5.833823032631455e-08,0.05,0.0022911463145767613,0.012392493861011449
52,0.03,0.03,0.03,4.421839810941332e-08,8.894224716412441e-11,0.00016042929800075492,0.05,0.0022911463145767613,0.012392493861011449
50,0.03,0.03,0.03,2.5239240655813368e-11,3.403953564999774e-11,0.006763110693849526,0.05,0.0022911463145767613,0.012392493861011449
53,0.03,0.03,0.03,2.123824101994108e-08,9.115021669779202e-10,0.0002541800178297734,0.05,0.0022911463145767613,0.012392493861011449
48,0.03,0.03,0.03,1.835120191726207e-07,4.160987612543309e-05,1.2296467375134e-09,0.05,0.0022911463145767613,0.012392493861011449
55,0.03,0.03,0.03,1.3223268269387236e-06,0.0017013457620098135,1.0895274820328197e-09,0.05,0.0022911463145767613,0.012392493861011449
54,0.03,0.03,0.03,2.7038460358496895e-10,4.4098817018008e-10,0.006002721033589402,0.05,0.0022911463145767613,0.012392493861011449
51,0.03,0.03,0.03,1.5698133920309634e-08,1.4150529197537362e-05,1.936651502249817e-08,0.05,0.0022911463145767613,0.012392493861011449
56,0.03,0.03,0.03,5.739641335896993e-07,0.009974527279245292,9.251720330253189e-10,0.05,0.0022911463145767613,0.012392493861011449
57,0.03,0.03,0.03,2.185268619940647e-06,2.6951467463789932e-06,3.4975156414258387e-09,0.05,0.0022911463145767613,0.012392493861011449
59,0.03,0.03,0.03,2.5166145878256934e-11,1.2977776182076621e-12,0.0032857737619505015,0.05,0.0022911463145767613,0.012392493861011449
61,0.03,0.03,0.03,0.00027693224115903287,0.006285995024495945,3.2007147771249393e-12,0.05,0.0022911463145767613,0.012392493861011449
58,0.03,0.03,0.03,2.1862876402514535e-09,1.0633381452524072e-09,1.9174008755113672e-05,0.05,0.0022911463145767613,0.012392493861011449
60,0.03,0.03,0.03,1.2189686522145171e-06,0.0001366073855847259,3.3306287117625928e-09,0.05,0.0022911463145767613,0.012392493861011449
62,0.03,0.03,0.03,7.459018265767073e-08,1.4406227463894052e-10,0.0002388028919944774,0.05,0.0022911463145767613,0.012392493861011449
64,0.03,0.03,0.03,7.064905212563868e-08,0.00022658206335640586,4.307275075783411e-09,0.05,0.0022911463145767613,0.012392493861011449
63,0.03,0.03,0.03,1.0281392030325455e-07,7.80502159582735e-11,0.00012621878103008193,0.05,0.0022911463145767613,0.012392493861011449
65,0.03,0.03,0.03,2.2783616497338622e-11,5.7804793317957045e-11,0.0006335962196264173,0.05,0.0022911463145767613,0.012392493861011449
66,0.03,0.03,0.03,5.862974703610825e-12,9.915722426517487e-12,0.0010149995424689558,0.05,0.0022911463145767613,0.012392493861011449
67,0.03,0.03,0.03,3.808223446977369e-08,2.2650953920263087e-11,0.0003226025652027293,0.05,0.0022911463145767613,0.012392493861011449
71,0.03,0.03,0.03,1.2090454214841775e-10,1.2671737390998944e-12,0.0012769221769361428,0.05,0.0022911463145767613,0.012392493861011449
69,0.03,0.03,0.03,7.622651426794813e-08,6.435747415532522e-10,2.9743126722121508e-05,0.05,0.0022911463145767613,0.012392493861011449
70,0.03,0.03,0.03,2.1150075886029965e-09,2.2898865973490707e-10,1.989051777961094e-05,0.05,0.0022911463145767613,0.012392493861011449
68,0.03,0.03,0.03,1.0728673487411764e-05,6.186146716711839e-15,3.61266131126363e-08,0.05,0.0022911463145767613,0.012392493861011449
72,0.03,0.03,0.03,6.250345263497834e-10,5.2584877853908836e-14,1.0003677114015482e-05,0.05,0.0022911463145767613,0.012392493861011449
73,0.03,0.03,0.03,6.933375623047345e-10,8.902745204331472e-11,0.00016012963238594524,0.05,0.0022911463145767613,0.012392493861011449
75,0.03,0.03,0.03,7.606735553445277e-13,9.908813070007511e-14,0.004303074786913563,0.05,0.0022911463145767613,0.012392493861011449
74,0.03,0.03,0.03,1.822521752342864e-08,7.444516207579514e-13,7.653297369528932e-05,0.05,0.0022911463145767613,0.012392493861011449
77,0.03,0.03,0.03,3.8154269934707094e-11,1.0615316537875009e-09,0.00031769665353792914,0.05,0.0022911463145767613,0.012392493861011449
79,0.03,0.03,0.03,1.0725929309015379e-09,1.7404640999358956e-09,2.2311152915215497e-05,0.05,0.0022911463145767613,0.012392493861011449
81,0.03,0.03,0.03,5.227066661981227e-06,2.5898145918810236e-12,1.5572486608980267e-06,0.05,0.0022911463145767613,0.012392493861011449
78,0.03,0.03,0.03,2.400076600071921e-09,5.342251935711618e-11,1.7136527609551124e-05,0.05,0.0022911463145767613,0.012392493861011449
82,0.03,0.03,0.03,9.118382455040234e-08,4.322464841271805e-19,1.1616769919651268e-06,0.05,0.0022911463145767613,0.012392493861011449
83,0.03,0.03,0.03,1.493950227348379e-12,5.493808157323711e-13,0.0008017756449298824,0.05,0.0022911463145767613,0.012392493861011449
76,0.03,0.03,0.03,2.386084264021745e-09,5.243224788704007e-10,1.6942235599586385e-06,0.05,0.0022911463145767613,0.012392493861011449
80,0.03,0.03,0.03,1.726065954437201e-08,5.214600920879601e-20,1.7739980388874617e-05,0.05,0.0022911463145767613,0.012392493861011449
85,0.03,0.03,0.03,3.296718428341706e-07,1.1081427532512448e-18,9.847420199367396e-06,0.05,0.0022911463145767613,0.012392493861011449
84,0.03,0.03,0.03,4.313460072283106e-09,4.9285601090163794e-17,3.519831742623059e-05,0.05,0.0022911463145767613,0.012392493861011449
86,0.03,0.03,0.03,1.0205822333740983e-06,3.7532517768004596e-17,2.56479091315658e-07,0.05,0.0022911463145767613,0.012392493861011449
88,0.03,0.03,0.03,2.6333469046833117e-07,1.4543319590786064e-16,0.0003759363419159944,0.05,0.0022911463145767613,0.012392493861011449
89,0.03,0.03,0.03,2.4958724425647986e-05,1.1480096687822724e-17,1.146766978854305e-08,0.05,0.0022911463145767613,0.012392493861011449
90,0.03,0.03,0.03,4.430438861071208e-05,1.4703874083683323e-12,2.451544052545768e-06,0.05,0.0022911463145767613,0.012392493861011449
87,0.03,0.03,0.03,3.981850759966563e-07,1.0792581727818355e-16,6.53241719909191e-05,0.05,0.0022911463145767613,0.012392493861011449
93,0.03,0.03,0.03,0.0001479904600506918,2.7989897479616148e-12,1.972878755428988e-07,0.05,0.0022911463145767613,0.012392493861011449
95,0.03,0.03,0.03,0.0009739256429773877,1.3983755861296046e-10,4.193484083820762e-08,0.05,0.0022911463145767613,0.012392493861011449
96,0.03,0.03,0.03,0.00017506290420195054,4.3036083608895056e-11,4.927828749136315e-07,0.05,0.0022911463145767613,0.012392493861011449
92,0.03,0.03,0.03,4.677643053190968e-07,1.3635968060343552e-13,2.7063894319051804e-06,0.05,0.0022911463145767613,0.012392493861011449
94,0.03,0.03,0.03,4.0461881783795965e-06,6.007802323483709e-13,1.0290218948254827e-05,0.05,0.0022911463145767613,0.012392493861011449
91,0.03,0.03,0.03,2.8193268313225686e-06,8.329530712492168e-15,4.2803869961139924e-07,0.05,0.0022911463145767613,0.012392493861011449
99,0.03,0.03,0.03,6.461728148121471e-06,3.3470254284749055e-16,0.00033127557495513175,0.05,0.0022911463145767613,0.012392493861011449
98,0.03,0.03,0.03,1.443069659127315e-05,5.03290101877292e-12,3.048854013761436e-08,0.05,0.0022911463145767613,0.012392493861011449
97,0.03,0.03,0.03,2.1551043906447502e-07,2.4507663031975993e-10,2.3975598324800272e-06,0.05,0.0022911463145767613,0.012392493861011449
